RUNNO,TRNO,R#,O#,P#,CR,MODEL,EXNAME,TNAM,FNAM,WSTA,WYEAR,SOIL_ID,LAT,LONG,ELEV,SDAT,PDAT,EDAT,ADAT,MDAT,HDAT,HYEAR,DWAP,CWAM,HWAM,HWAH,BWAH,PWAM,HWUM,H#AM,H#UM,HIAM,LAIX,EYLDH,FCWAM,FHWAM,HWAHF,FBWAH,FPWAM,IR#M,IRCM,PRCM,ETCM,EPCM,ESCM,ROCM,DRCM,SWXM,NI#M,NICM,NFXM,NUCM,NLCM,NIAM,NMINC,CNAM,GNAM,N2OEM,PI#M,PICM,PUPC,SPAM,KI#M,KICM,KUPC,SKAM,RECM,ONTAM,ONAM,OPTAM,OPAM,OCTAM,OCAM,CO2EM,CH4EM,DMPPM,DMPEM,DMPTM,DMPIM,YPPM,YPEM,YPTM,YPIM,DPNAM,DPNUM,YPNAM,YPNUM,NDCH,TMAXA,TMINA,SRADA,DAYLA,CO2A,PRCP,ETCP,ESCP,EPCP,CRST
1,1,1,1,1,MZ,MZCER048,UGSY1501,N_100                    ,SYFER001,SYF38401,1984,UGSYFREKU3,        -23.667,         29.600,     1250,1984333,1984334,1984341,1985035,1985096,1985096,1985,-99,7613,2067,2067,0,3165,.2661814,777,129.4250,.2715168,2.197605,-99.00000,-99,-99,-99,-99,-99,0,0,382,316,204,112,39,114,0,1,40,0,72,1,5,38,58,25,.9179004E-01,-99,-99,-99,-99,-99,-99,-99,-99,0,9233,9233,0,0,92492,92492,372.6641,.000000,20.56430,24.29867,37.36417,-99.00000,5.583467,6.597397,10.14484,-99.00000,190.3226,105.7348,51.67500,28.70833,128,26.95937,16.10469,17.20937,12.88071,380.0000,370.2001,313.3054,109.7899,203.7488,1,
2,1,1,1,1,MZ,MZCER048,UGSY1501,N_100                    ,SYFER001,SYF38501,1985,UGSYFREKU3,        -23.667,         29.600,     1250,1985333,1985334,1985341,1986039,1986101,1986101,1986,-99,7290,1369,1369,0,2310,.1923159,712,118.6201,.1877556,2.447569,-99.00000,-99,-99,-99,-99,-99,0,0,194,256,153,103,0,3,22,1,40,0,67,0,6,33,59,18,.6882392E-01,-99,-99,-99,-99,-99,-99,-99,-99,0,9237,9237,0,0,92511,92511,325.4688,.000000,42.53252,29.00020,47.66968,-99.00000,7.987165,5.445937,8.951871,-99.00000,182.2518,108.8071,34.22500,20.43284,132,27.18181,15.05530,17.16136,12.82834,380.0000,171.4000,251.3801,98.53130,152.9289,1,
3,1,1,1,1,MZ,MZCER048,UGSY1501,N_100                    ,SYFER001,SYF38601,1986,UGSYFREKU3,        -23.667,         29.600,     1250,1986333,1986334,1986340,-99,-99,1987012,1987,-99,1921,0,0,0,0,.000000,0,.000000,.000000,2.249427,-99.00000,-99,-99,-99,-99,-99,0,0,220,124,40,84,3,54,125,1,40,0,47,1,9,17,42,0,.7089525E-01,-99,-99,-99,-99,-99,-99,-99,-99,0,9251,9251,0,0,92517,92517,151.8125,.000000,10.82709,16.15792,47.48344,-99.00000,.000000,.000000,.000000,-99.00000,48.01814,40.86650,.000000,.000000,43,26.47442,15.60930,16.38837,13.42399,380.0000,177.4000,118.8720,81.48361,40.45042,1,
4,1,1,1,1,MZ,MZCER048,UGSY1501,N_100                    ,SYFER001,SYF38701,1987,UGSYFREKU3,        -23.667,         29.600,     1250,1987333,1987334,1987340,1988038,1988101,1988101,1988,-99,8506,2233,2233,0,3417,.2766740,807,134.5420,.2625717,2.541395,-99.00000,-99,-99,-99,-99,-99,0,0,398,373,221,152,5,107,0,1,40,0,73,2,5,40,61,25,.1539097,-99,-99,-99,-99,-99,-99,-99,-99,0,9231,9231,0,0,92464,92464,389.1250,.000000,21.39357,23.00552,38.46255,-99.00000,5.616197,6.039365,10.09711,-99.00000,212.6521,116.5217,55.82500,30.58904,132,26.65758,15.72121,16.01666,12.82834,380.0000,397.6000,369.7409,148.7637,221.1523,1,
5,1,1,1,1,MZ,MZCER048,UGSY1501,N_100                    ,SYFER001,SYF38801,1988,UGSYFREKU3,        -23.667,         29.600,     1250,1988333,1988334,1988343,1989041,1989116,1989116,1989,-99,6077,1326,1326,0,1881,.2985592,444,74.04421,.2182608,2.441947,-99.00000,-99,-99,-99,-99,-99,0,0,301,321,179,141,1,61,5,1,40,0,66,1,6,33,53,18,.8927359E-01,-99,-99,-99,-99,-99,-99,-99,-99,0,9239,9239,0,0,92611,92611,320.4688,.000000,23.22167,19.08432,33.89144,-99.00000,5.066870,4.164118,7.394969,-99.00000,151.9278,92.07745,33.15000,20.09091,148,25.63987,13.41487,17.33649,12.68611,380.0000,261.7000,318.4348,139.4148,179.3111,1,
6,1,1,1,1,MZ,MZCER048,UGSY1501,N_100                    ,SYFER001,SYF38901,1989,UGSYFREKU3,        -23.667,         29.600,     1250,1989333,1989334,1989341,1990042,1990105,1990105,1990,-99,8560,2594,2594,0,3699,.2856508,908,151.3359,.3030010,2.087873,-99.00000,-99,-99,-99,-99,-99,0,0,304,361,203,158,1,20,9,1,40,0,74,0,5,39,61,28,.7482606E-01,-99,-99,-99,-99,-99,-99,-99,-99,0,9233,9233,0,0,92462,92462,368.3438,.000000,29.63036,24.38783,42.21552,-99.00000,8.978886,7.390242,12.79257,-99.00000,214.0053,115.6785,64.85000,35.05405,136,26.51323,15.07353,16.70662,12.78945,380.0000,288.9000,351.0034,149.5020,202.7740,1,
7,1,1,1,1,MZ,MZCER048,UGSY1501,N_100                    ,SYFER001,SYF39001,1990,UGSYFREKU3,        -23.667,         29.600,     1250,1990333,1990334,1990341,1991036,1991102,1991102,1991,-99,9180,2702,2702,0,3899,.3002326,900,150.0063,.2943628,2.568374,-99.00000,-99,-99,-99,-99,-99,0,0,414,394,240,154,4,60,43,1,40,0,80,2,6,48,67,30,.1032388,-99,-99,-99,-99,-99,-99,-99,-99,0,9223,9223,0,0,92330,92330,454.3125,.000000,22.16820,23.70391,38.27406,-99.00000,6.524994,6.977016,11.26560,-99.00000,229.4962,114.7481,67.55000,33.77500,133,27.05639,14.88872,16.80150,12.81866,380.0000,414.1000,387.2716,148.8298,239.8452,1,
8,1,1,1,1,MZ,MZCER048,UGSY1501,N_100                    ,SYFER001,SYF39101,1991,UGSYFREKU3,        -23.667,         29.600,     1250,1991333,1991334,1991341,1992034,1992089,1992089,1992,-99,7511,1381,1381,0,2451,.1568862,881,146.7544,.1839291,2.534265,-99.00000,-99,-99,-99,-99,-99,0,0,176,242,144,98,2,18,0,1,40,0,67,1,6,33,59,18,.6817011E-01,-99,-99,-99,-99,-99,-99,-99,-99,0,9236,9236,0,0,92466,92466,329.9297,.000000,42.60145,31.58076,52.13575,-99.00000,7.833239,5.806836,9.586335,-99.00000,187.7659,112.0990,34.52500,20.61194,120,28.99250,15.97750,17.52334,12.94223,380.0000,176.3000,237.8232,93.95652,144.0592,1,
9,1,1,1,1,MZ,MZCER048,UGSY1501,N_100                    ,SYFER001,SYF39201,1992,UGSYFREKU3,        -23.667,         29.600,     1250,1992333,1992334,1992340,1993032,1993082,1993082,1993,-99,5800,1146,1146,0,1722,.1687103,679,113.2453,.1976517,2.124362,-99.00000,-99,-99,-99,-99,-99,0,0,203,244,130,114,0,7,39,1,40,0,64,0,6,30,55,16,.7205217E-01,-99,-99,-99,-99,-99,-99,-99,-99,0,9240,9240,0,0,92508,92508,287.0781,.000000,35.32152,24.23281,44.70801,-99.00000,6.979293,4.788240,8.834000,-99.00000,144.9948,90.62178,28.65000,17.90625,114,28.02632,18.46228,16.91842,13.00980,380.0000,164.2000,239.3364,109.7319,129.7261,1,
10,1,1,1,1,MZ,MZCER048,UGSY1501,N_100                    ,SYFER001,SYF39301,1993,UGSYFREKU3,        -23.667,         29.600,     1250,1993333,1993334,1993340,1994039,1994105,1994105,1994,-99,7083,1360,1360,0,2269,.1925151,707,117.7740,.1920779,2.432681,-99.00000,-99,-99,-99,-99,-99,0,0,161,240,142,98,0,9,0,1,40,0,65,0,7,32,55,17,.6806740E-01,-99,-99,-99,-99,-99,-99,-99,-99,0,9239,9239,0,0,92551,92551,311.0312,.000000,43.93626,29.86986,49.77544,-99.00000,8.436725,5.735667,9.557975,-99.00000,177.0631,108.9619,34.00000,20.92308,136,26.75148,14.90662,16.99706,12.78945,380.0000,161.2000,237.1128,94.89429,142.2896,1,
11,1,1,1,1,MZ,MZCER048,UGSY1501,N_100                    ,SYFER001,SYF39401,1994,UGSYFREKU3,        -23.667,         29.600,     1250,1994333,1994334,1994340,1995037,1995102,1995102,1995,-99,7870,1730,1730,0,2582,.2378558,727,121.2195,.2198191,2.467079,-99.00000,-99,-99,-99,-99,-99,0,0,321,309,178,130,8,77,13,1,40,0,69,2,6,37,59,20,.7379940E-01,-99,-99,-99,-99,-99,-99,-99,-99,0,9234,9234,0,0,92471,92471,355.7500,.000000,24.55523,25.84603,44.16776,-99.00000,5.397815,5.681564,9.709110,-99.00000,196.7488,114.0573,43.25000,25.07246,133,27.13384,15.18421,16.93684,12.81866,380.0000,320.5000,304.4936,127.3197,178.1832,1,
12,1,1,1,1,MZ,MZCER048,UGSY1501,N_100                    ,SYFER001,SYF39501,1995,UGSYFREKU3,        -23.667,         29.600,     1250,1995333,1995334,1995341,1996042,1996121,1996121,1996,-99,9982,3418,3418,0,4728,.3688461,927,154.4519,.3424142,2.482503,-99.00000,-99,-99,-99,-99,-99,0,0,381,353,233,121,13,95,6,1,40,0,80,1,5,47,69,36,.8129772E-01,-99,-99,-99,-99,-99,-99,-99,-99,0,9224,9224,0,0,92383,92383,450.4922,.000000,26.42962,28.66561,42.89950,-99.00000,9.049511,9.815115,14.68880,-99.00000,249.5617,124.7808,85.45000,42.72500,152,25.30789,13.51842,16.47303,12.63141,380.0000,377.7000,348.2384,116.0058,232.6942,1,
13,1,1,1,1,MZ,MZCER048,UGSY1501,N_100                    ,SYFER001,SYF39601,1996,UGSYFREKU3,        -23.667,         29.600,     1250,1996333,1996334,1996341,1997034,1997101,1997101,1997,-99,8490,2338,2338,0,3354,.3070956,761,126.9007,.2754197,2.431073,-99.00000,-99,-99,-99,-99,-99,0,0,484,418,233,185,25,117,11,1,40,0,76,3,5,45,63,26,.2687931,-99,-99,-99,-99,-99,-99,-99,-99,0,9226,9226,0,0,92390,92390,431.1328,.000000,17.88818,20.47687,36.48114,-99.00000,4.926254,5.639158,10.04660,-99.00000,212.2432,111.7070,58.45000,30.76316,133,26.90150,15.49399,17.25940,12.83288,380.0000,474.6000,414.6009,183.1224,232.7156,1,
14,1,1,1,1,MZ,MZCER048,UGSY1501,N_100                    ,SYFER001,SYF39701,1997,UGSYFREKU3,        -23.667,         29.600,     1250,1997333,1997334,1997340,1998024,1998076,1998076,1998,-99,7211,1323,1323,0,2108,.1895818,698,116.3478,.1835289,2.547799,-99.00000,-99,-99,-99,-99,-99,0,0,264,280,178,101,12,0,59,1,40,0,70,0,5,35,61,17,.6742384E-01,-99,-99,-99,-99,-99,-99,-99,-99,0,9235,9235,0,0,92432,92432,325.3594,.000000,27.35622,26.11480,40.40017,-99.00000,5.018968,4.791209,7.412105,-99.00000,180.2775,103.0157,33.07500,18.90000,107,29.49532,20.22243,18.05140,13.05885,380.0000,263.6000,276.1307,99.12122,178.4918,1,
15,1,1,1,1,MZ,MZCER048,UGSY1501,N_100                    ,SYFER001,SYF39801,1998,UGSYFREKU3,        -23.667,         29.600,     1250,1998333,1998334,1998343,1999039,1999106,1999106,1999,-99,7312,1419,1419,0,2121,.2286264,621,103.4565,.1940849,2.577200,-99.00000,-99,-99,-99,-99,-99,0,0,209,274,165,109,0,23,0,1,40,0,69,0,5,35,58,17,.7067592E-01,-99,-99,-99,-99,-99,-99,-99,-99,0,9236,9236,0,0,92520,92520,333.8594,.000000,35.00299,27.31071,44.41935,-99.00000,6.792724,5.299950,8.620074,-99.00000,182.8031,105.9728,35.47500,20.56522,137,26.66715,14.70438,17.74818,12.77967,380.0000,208.9000,267.7384,103.2308,164.6158,1,
16,1,1,1,1,MZ,MZCER048,UGSY1501,N_100                    ,SYFER001,SYF39901,1999,UGSYFREKU3,        -23.667,         29.600,     1250,1999333,1999334,1999341,2000040,2000099,2000099,2000,-99,7246,1513,1513,0,2401,.2438347,621,103.4364,.2088442,2.344885,-99.00000,-99,-99,-99,-99,-99,0,0,659,433,232,202,29,192,92,1,40,0,82,3,7,52,62,19,.7624944E-01,-99,-99,-99,-99,-99,-99,-99,-99,0,9220,9220,0,0,92322,92322,477.2031,.000000,11.03899,17.04290,31.24776,-99.00000,2.304997,3.558644,6.524692,-99.00000,181.1498,88.36575,37.82500,18.45122,130,25.31692,17.66615,17.71077,12.84764,380.0000,656.3999,425.1619,194.9805,231.8883,1,
17,1,1,1,1,MZ,MZCER048,UGSY1501,N_100                    ,SYFER001,SYF30001,2000,UGSYFREKU3,        -23.667,         29.600,     1250,2000333,2000334,2000341,2001036,2001097,2001097,2001,-99,4219,881,881,0,1055,.2621577,336,60.00389,.2086932,2.065696,-99.00000,-99,-99,-99,-99,-99,0,0,213,249,138,111,0,47,4,1,40,0,65,0,6,31,48,15,.7875726E-01,-99,-99,-99,-99,-99,-99,-99,-99,0,9240,9240,0,0,92532,92532,302.3594,.000000,19.77217,17.31888,30.65362,-99.00000,4.128397,3.616154,6.400428,-99.00000,105.4845,64.91355,22.02500,13.55385,129,27.76048,15.13333,16.08837,12.87120,380.0000,213.4000,243.6290,106.9810,137.6470,1,
18,1,1,1,1,MZ,MZCER048,UGSY1501,N_100                    ,SYFER001,SYF30101,2001,UGSYFREKU3,        -23.667,         29.600,     1250,2001333,2001334,2001341,2002036,2002097,2002097,2002,-99,8294,1959,1959,0,3141,.2278508,860,143.2771,.2361676,2.559732,-99.00000,-99,-99,-99,-99,-99,0,0,261,318,211,107,4,27,0,1,40,0,70,1,6,37,58,21,.9005218E-01,-99,-99,-99,-99,-99,-99,-99,-99,0,9234,9234,0,0,92516,92516,362.3750,.000000,31.78951,26.29456,39.37621,-99.00000,7.508623,6.210725,9.300588,-99.00000,207.3471,118.4841,48.97500,27.98571,128,27.89453,15.16640,17.66250,12.86682,380.0000,260.9000,315.4221,104.8991,210.6319,1,
19,1,1,1,1,MZ,MZCER048,UGSY1501,N_100                    ,SYFER001,SYF30201,2002,UGSYFREKU3,        -23.667,         29.600,     1250,2002333,2002334,2002341,2003033,2003088,2003088,2003,-99,6383,1167,1167,0,1776,.2017018,579,96.43983,.1828537,2.376282,-99.00000,-99,-99,-99,-99,-99,0,0,219,261,163,98,6,26,13,1,40,0,69,1,5,36,59,16,.6895147E-01,-99,-99,-99,-99,-99,-99,-99,-99,0,9235,9235,0,0,92441,92441,347.9844,.000000,29.11879,25.07728,39.16428,-99.00000,5.323905,4.584980,7.160563,-99.00000,159.5710,92.50490,29.17500,16.91304,119,29.11345,16.34286,17.58572,12.95148,380.0000,219.2000,254.5267,93.30607,162.9760,1,
20,1,1,1,1,MZ,MZCER048,UGSY1501,N_100                    ,SYFER001,SYF30301,2003,UGSYFREKU3,        -23.667,         29.600,     1250,2003333,2003334,2003340,2004033,2004096,2004096,2004,-99,8873,2547,2547,0,3687,.2873580,886,147.7218,.2870584,2.535353,-99.00000,-99,-99,-99,-99,-99,0,0,457,370,227,143,12,96,65,1,40,0,81,3,6,50,69,30,.8972706E-01,-99,-99,-99,-99,-99,-99,-99,-99,0,9220,9220,0,0,92294,92294,457.7422,.000000,19.43179,24.33924,39.04490,-99.00000,5.578187,6.986942,11.20842,-99.00000,221.8139,109.5377,63.67500,31.44444,127,27.13228,16.66299,15.82520,12.87637,380.0000,456.6000,364.5372,138.6068,227.2398,1,
21,1,1,1,1,MZ,MZCER048,UGSY1501,N_100                    ,SYFER001,SYF30401,2004,UGSYFREKU3,        -23.667,         29.600,     1250,2004333,2004334,2004340,2005032,2005089,2005089,2005,-99,5719,854,854,0,1287,.1933437,441,73.58133,.1492631,2.485743,-99.00000,-99,-99,-99,-99,-99,0,0,231,252,140,112,2,64,0,1,40,0,63,2,6,32,54,12,.8471318E-01,-99,-99,-99,-99,-99,-99,-99,-99,0,9239,9239,0,0,92524,92524,311.2734,.000000,24.93978,23.07087,40.81927,-99.00000,3.724379,3.445287,6.095742,-99.00000,142.9673,90.77287,21.35000,13.55556,121,28.65207,16.66033,16.53471,12.94627,380.0000,229.3000,247.8749,107.8708,140.0978,1,
22,1,1,1,1,MZ,MZCER048,UGSY1501,N_100                    ,SYFER001,SYF30501,2005,UGSYFREKU3,        -23.667,         29.600,     1250,2005333,2005334,2005341,2006035,2006100,2006100,2006,-99,9069,3662,3662,0,5088,.3008786,1217,202.8478,.4037694,1.958495,-99.00000,-99,-99,-99,-99,-99,0,0,369,353,205,148,7,49,47,1,40,0,82,1,6,49,70,45,.7539981E-01,-99,-99,-99,-99,-99,-99,-99,-99,0,9222,9222,0,0,92284,92284,463.3359,.000000,24.59170,26.09890,44.19147,-99.00000,9.929502,10.53807,17.84339,-99.00000,226.7354,110.6026,91.55000,44.65854,131,26.47099,15.94733,15.60687,12.83801,380.0000,368.8000,347.5019,143.2872,205.2300,1,
23,1,1,1,1,MZ,MZCER048,UGSY1501,N_100                    ,SYFER001,SYF30601,2006,UGSYFREKU3,        -23.667,         29.600,     1250,2006333,2006334,2006341,2007036,2007090,2007090,2007,-99,5675,926,926,0,1523,.1335882,693,115.5403,.1631931,2.565467,-99.00000,-99,-99,-99,-99,-99,0,0,171,204,109,95,0,40,13,1,40,0,61,1,8,30,53,13,.7266618E-01,-99,-99,-99,-99,-99,-99,-99,-99,0,9240,9240,0,0,92517,92517,298.6953,.000000,33.26380,28.77365,52.11783,-99.00000,5.427901,4.695210,8.504453,-99.00000,141.8701,93.02959,23.15000,15.18033,121,29.56943,15.41405,17.39587,12.93293,380.0000,170.6000,197.2223,88.80022,108.8841,1,
24,1,1,1,1,MZ,MZCER048,UGSY1501,N_100                    ,SYFER001,SYF30701,2007,UGSYFREKU3,        -23.667,         29.600,     1250,2007333,2007334,2007341,2008040,2008109,2008109,2008,-99,8644,2774,2774,0,3839,.3197660,867,144.5719,.3209029,2.532326,-99.00000,-99,-99,-99,-99,-99,0,0,378,374,205,169,24,30,38,1,40,0,78,0,6,44,65,31,.8489551E-01,-99,-99,-99,-99,-99,-99,-99,-99,0,9227,9227,0,0,92367,92367,421.5078,.000000,22.87268,23.37782,42.17413,-99.00000,7.340567,7.502684,13.53501,-99.00000,216.0896,110.8152,69.35000,35.56410,140,26.37572,14.09214,16.09857,12.75023,380.0000,377.9000,369.7343,166.0006,204.9499,1,
25,1,1,1,1,MZ,MZCER048,UGSY1501,N_100                    ,SYFER001,SYF30801,2008,UGSYFREKU3,        -23.667,         29.600,     1250,2008333,2008334,2008340,2009030,2009091,2009091,2009,-99,8703,2466,2466,0,3617,.2848682,866,144.2577,.2833201,2.354541,-99.00000,-99,-99,-99,-99,-99,0,0,318,388,255,133,4,6,7,1,40,0,75,0,5,40,56,23,.7230931E-01,-99,-99,-99,-99,-99,-99,-99,-99,0,9233,9233,0,0,92506,92506,372.9375,.000000,27.36716,22.95389,34.15926,-99.00000,7.754718,6.504180,9.679317,-99.00000,217.5689,116.0367,61.65000,32.88000,123,28.02032,16.70162,21.32602,12.92773,380.0000,318.0000,379.1408,125.6104,254.7700,1,
26,1,1,1,1,MZ,MZCER048,UGSY1501,N_100                    ,SYFER001,SYF30901,2009,UGSYFREKU3,        -23.667,         29.600,     1250,2009333,2009334,2009340,2010034,2010091,2010091,2010,-99,7176,1633,1633,0,2762,.1792446,911,151.8749,.2276238,1.926022,-99.00000,-99,-99,-99,-99,-99,0,0,219,275,181,94,13,18,0,1,40,0,65,0,7,33,49,17,.6746832E-01,-99,-99,-99,-99,-99,-99,-99,-99,0,9240,9240,0,0,92573,92573,315.5859,.000000,34.13759,26.80762,39.71196,-99.00000,7.768791,6.100688,9.037368,-99.00000,179.3930,110.3957,40.82500,25.12308,122,29.52541,15.50246,21.79262,12.92360,380.0000,210.2000,267.6747,87.07587,180.6942,1,
27,1,1,1,1,MZ,MZCER048,UGSY1501,N_100                    ,SYFER001,SYF31001,2010,UGSYFREKU3,        -23.667,         29.600,     1250,2010333,2010334,2010340,2011038,2011095,2011095,2011,-99,4286,525,525,0,702,.1868974,281,50.83995,.1224553,2.119372,-99.00000,-99,-99,-99,-99,-99,0,0,342,255,129,126,19,112,44,1,40,0,59,3,6,29,41,7,.1134737,-99,-99,-99,-99,-99,-99,-99,-99,0,9244,9244,0,0,92646,92646,264.5703,.000000,12.60329,17.32142,33.25391,-99.00000,1.543664,2.121546,4.072974,-99.00000,107.1594,72.65047,13.12500,8.898305,126,28.64365,15.02619,21.82619,12.88588,380.0000,340.1000,247.4611,118.9507,128.8985,1,
28,1,1,1,1,MZ,MZCER048,UGSY1501,N_100                    ,SYFER001,SYF31101,2011,UGSYFREKU3,        -23.667,         29.600,     1250,2011333,2011334,2011341,2012035,2012090,2012090,2012,-99,3321,401,401,0,505,.1389488,288,53.20456,.1205990,2.019781,-99.00000,-99,-99,-99,-99,-99,0,0,85,155,92,63,1,18,0,1,40,0,47,0,18,26,35,7,.6250450E-01,-99,-99,-99,-99,-99,-99,-99,-99,0,9246,9246,0,0,92678,92678,256.3594,.000000,39.16242,21.88727,35.92675,-99.00000,4.728774,2.642838,4.338074,-99.00000,83.02433,70.65900,10.02500,8.531915,121,30.14214,14.88264,22.17934,12.93293,380.0000,84.80000,151.7308,59.34846,92.43733,1,
29,1,1,1,1,MZ,MZCER048,UGSY1501,N_100                    ,SYFER001,SYF31201,2012,UGSYFREKU3,        -23.667,         29.600,     1250,2012333,2012334,2012341,2013035,2013098,2013098,2013,-99,8620,2282,2282,0,3560,.2603815,877,146.0967,.2647804,1.967768,-99.00000,-99,-99,-99,-99,-99,0,0,413,382,246,135,22,70,25,1,40,0,71,1,6,38,54,22,.7123931E-01,-99,-99,-99,-99,-99,-99,-99,-99,0,9235,9235,0,0,92550,92550,362.3516,.000000,20.88726,23.05198,34.97738,-99.00000,5.529441,6.102502,9.259489,-99.00000,215.5043,121.4109,57.05000,32.14085,130,28.83462,14.40308,21.29847,12.86166,380.0000,412.7000,373.9450,128.4942,246.4499,1,
30,1,1,1,1,MZ,MZCER048,UGSY1501,N_100                    ,SYFER001,SYF31301,2013,UGSYFREKU3,        -23.667,         29.600,     1250,2013333,2013334,2013342,2014038,2014101,2014101,2014,-99,7076,1599,1599,0,2364,.2645438,605,100.7514,.2259899,2.145247,-99.00000,-99,-99,-99,-99,-99,0,0,428,378,205,173,4,130,2,1,40,0,64,4,5,34,47,15,.1463530,-99,-99,-99,-99,-99,-99,-99,-99,0,9239,9239,0,0,92621,92621,328.4453,.000000,16.54906,18.99135,34.47011,-99.00000,3.739477,4.291346,7.788976,-99.00000,176.9094,110.5684,39.97500,24.98438,132,27.57878,14.67727,20.15909,12.82834,380.0000,427.5999,372.6104,167.9700,205.2901,1,
31,1,1,1,1,MZ,MZCER048,UGSY1501,N_100                    ,SYFER001,SYF31401,2014,UGSYFREKU3,        -23.667,         29.600,     1250,2014333,2014334,2014340,2015035,2015090,2015090,2015,-99,5224,1076,1076,0,1813,.1403288,767,127.8047,.2059972,2.044742,-99.00000,-99,-99,-99,-99,-99,0,0,164,236,120,116,0,15,0,1,40,0,59,0,8,27,45,15,.7476050E-01,-99,-99,-99,-99,-99,-99,-99,-99,0,9244,9244,0,0,92649,92649,268.5234,.000000,31.91058,22.90782,43.36820,-99.00000,6.572999,4.718594,8.933060,-99.00000,130.5941,88.53835,26.90000,18.23729,121,29.86281,14.86529,21.93885,12.93293,380.0000,163.7000,228.0341,107.7821,120.4515,1,
32,1,1,1,1,MZ,MZCER048,UGSY1501,N_100                    ,SYFER001,SYF31501,2015,UGSYFREKU3,        -23.667,         29.600,     1250,2015333,2015334,2015340,2016032,2016085,2016085,2016,-99,6617,1140,1140,0,1906,.1712191,666,110.9929,.1723124,2.202857,-99.00000,-99,-99,-99,-99,-99,0,0,332,321,182,139,1,20,76,1,40,0,64,0,6,31,48,12,.1228056,-99,-99,-99,-99,-99,-99,-99,-99,0,9241,9241,0,0,92592,92592,277.9766,.000000,19.95572,21.02053,36.43925,-99.00000,3.437876,3.621316,6.277580,-99.00000,165.4330,103.3956,28.50000,17.81250,116,30.19914,16.63534,22.59742,12.97898,380.0000,331.6000,314.8026,134.2184,181.5986,1,
33,1,1,1,1,MZ,MZCER048,UGSY1501,N_100                    ,SYFER001,SYF31601,2016,UGSYFREKU3,        -23.667,         29.600,     1250,2016333,2016334,2016340,2017037,-99,2017058,2017,-99,6103,388,388,0,1098,.6601522E-01,588,98.02036,.6361903E-01,2.318885,-99.00000,-99,-99,-99,-99,-99,0,0,263,305,182,123,4,33,7,1,40,0,62,1,4,28,51,4,.9570990E-01,-99,-99,-99,-99,-99,-99,-99,-99,0,9242,9242,0,0,92581,92581,278.2969,.000000,23.24851,20.54515,33.55633,-99.00000,1.478095,1.306221,2.133446,-99.00000,152.5684,98.43121,9.700000,6.258065,90,27.37445,16.23556,19.75556,13.20583,380.0000,262.5000,297.0401,115.8355,181.8654,1,
34,1,1,1,1,MZ,MZCER048,UGSY1501,N_100                    ,SYFER001,SYF31701,2017,UGSYFREKU3,        -23.667,         29.600,     1250,2017333,2017334,2017343,-99,-99,2017362,2017,-99,202,0,0,0,0,.000000,0,.000000,.000000,.3959075,-99.00000,-99,-99,-99,-99,-99,0,0,53,58,7,51,0,10,71,1,40,0,8,0,42,10,7,0,.4002219E-01,-99,-99,-99,-99,-99,-99,-99,-99,0,9258,9258,0,0,92577,92577,98.54688,.000000,3.947962,4.034896,27.97058,-99.00000,.000000,.000000,.000000,-99.00000,5.053391,25.26696,.000000,.000000,28,22.58929,15.56071,21.48572,13.43184,380.0000,51.20000,50.09686,44.08644,7.226725,1,
35,1,1,1,1,MZ,MZCER048,UGSY1501,N_100                    ,SYFER001,SYF31801,2018,UGSYFREKU3,        -23.667,         29.600,     1250,2018333,2018334,2018339,2019032,-99,2019052,2019,-99,6633,448,448,0,1490,.5809219E-01,771,128.5177,.6753649E-01,2.335370,-99.00000,-99,-99,-99,-99,-99,0,0,245,301,200,101,5,19,6,1,40,0,64,1,4,29,52,4,.5931370E-01,-99,-99,-99,-99,-99,-99,-99,-99,0,9241,9241,0,0,92547,92547,274.5000,.000000,27.25040,22.56885,33.15267,-99.00000,1.840592,1.524382,2.239252,-99.00000,165.8187,103.6367,11.20000,7.000000,83,29.28795,16.80362,23.13253,13.24573,380.0000,243.4000,293.8895,95.35916,200.0668,1,
36,1,1,1,1,MZ,MZCER048,UGSY1501,N_100                    ,SYFER001,SYF31901,2019,UGSYFREKU3,        -23.667,         29.600,     1250,2019333,2019334,-99,-99,-99,2019333,2019,-99,0,0,0,0,0,.000000,0,.000000,.000000,.000000,-99.00000,-99,-99,-99,-99,-99,0,0,2,7,0,7,0,0,81,0,0,0,0,0,0,0,0,0,.1803646E-14,-99,-99,-99,-99,-99,-99,-99,-99,0,9267,9267,0,0,92670,92670,274.5000,.000000,-99.00000,-99.00000,-99.00000,-99.00000,-99.00000,-99.00000,-99.00000,-99.00000,-99.00000,-99.00000,-99.00000,-99.00000,-99,-99.00000,-99.00000,-99.00000,-99.00000,-99.00000,-99.00000,-99.00000,-99.00000,-99.00000,-99,
37,2,1,1,1,MZ,MZCER048,UGSY1501,N_50_50 Split            ,SYFER001,SYF38401,1984,UGSYFREKU3,        -23.667,         29.600,     1250,1984333,1984334,1984341,1985035,1985096,1985096,1985,-99,7604,2088,2088,0,3182,.2671745,781,130.2369,.2745607,2.104632,-99.00000,-99,-99,-99,-99,-99,0,0,382,316,202,114,39,114,0,2,40,0,72,1,5,38,59,25,.7459851E-01,-99,-99,-99,-99,-99,-99,-99,-99,0,9233,9233,0,0,92482,92482,374.3281,.000000,20.54024,24.26760,37.61779,-99.00000,5.640193,6.663699,10.32956,-99.00000,190.0999,105.6111,52.20000,29.00000,128,26.95937,16.10469,17.20937,12.88071,380.0000,370.2001,313.3395,111.4012,202.1383,1,
38,2,1,1,1,MZ,MZCER048,UGSY1501,N_50_50 Split            ,SYFER001,SYF38501,1985,UGSYFREKU3,        -23.667,         29.600,     1250,1985333,1985334,1985341,1986039,1986101,1986101,1986,-99,7276,1371,1371,0,2309,.1925018,712,118.6966,.1884203,2.411888,-99.00000,-99,-99,-99,-99,-99,0,0,194,255,152,103,0,4,22,2,40,0,67,0,6,33,59,18,.6554180E-01,-99,-99,-99,-99,-99,-99,-99,-99,0,9237,9237,0,0,92508,92508,325.4844,.000000,42.45080,29.01827,47.87087,-99.00000,7.998834,5.467795,9.020115,-99.00000,181.9017,108.5980,34.27500,20.46269,132,27.18181,15.05530,17.16136,12.82834,380.0000,171.4000,250.7409,98.82739,151.9936,1,
39,2,1,1,1,MZ,MZCER048,UGSY1501,N_50_50 Split            ,SYFER001,SYF38601,1986,UGSYFREKU3,        -23.667,         29.600,     1250,1986333,1986334,1986340,-99,-99,1987012,1987,-99,1929,0,0,0,0,.000000,0,.000000,.000000,2.259361,-99.00000,-99,-99,-99,-99,-99,0,0,220,124,40,83,3,55,126,2,40,0,48,1,8,17,42,0,.4281225E-01,-99,-99,-99,-99,-99,-99,-99,-99,0,9251,9251,0,0,92517,92517,151.5781,.000000,10.87203,16.30443,47.71919,-99.00000,.000000,.000000,.000000,-99.00000,48.21746,40.18122,.000000,.000000,43,26.47442,15.60930,16.38837,13.42399,380.0000,177.4000,118.2929,80.93819,40.41767,1,
40,2,1,1,1,MZ,MZCER048,UGSY1501,N_50_50 Split            ,SYFER001,SYF38701,1987,UGSYFREKU3,        -23.667,         29.600,     1250,1987333,1987334,1987340,1988038,1988101,1988101,1988,-99,8535,2245,2245,0,3437,.2759654,814,135.5928,.2630521,2.551986,-99.00000,-99,-99,-99,-99,-99,0,0,398,372,221,151,4,108,0,2,40,0,74,2,5,40,61,25,.9422233E-01,-99,-99,-99,-99,-99,-99,-99,-99,0,9231,9231,0,0,92463,92463,388.2109,.000000,21.46616,23.16285,38.69826,-99.00000,5.646378,6.092669,10.17904,-99.00000,213.3736,115.3371,56.12500,30.33784,132,26.65758,15.72121,16.01666,12.82834,380.0000,397.6000,368.4756,148.1244,220.5511,1,
41,2,1,1,1,MZ,MZCER048,UGSY1501,N_50_50 Split            ,SYFER001,SYF38801,1988,UGSYFREKU3,        -23.667,         29.600,     1250,1988333,1988334,1988343,1989041,1989116,1989116,1989,-99,6040,1380,1380,0,1965,.3005251,459,76.52319,.2284534,2.270100,-99.00000,-99,-99,-99,-99,-99,0,0,301,321,177,144,1,61,5,2,40,0,66,1,6,33,52,18,.7459915E-01,-99,-99,-99,-99,-99,-99,-99,-99,0,9239,9239,0,0,92604,92604,323.6016,.000000,23.07935,18.97720,34.11672,-99.00000,5.273213,4.335947,7.795052,-99.00000,150.9967,91.51312,34.50000,20.90909,148,25.63987,13.41487,17.33649,12.68611,380.0000,261.7000,318.2696,141.5307,177.0354,1,
42,2,1,1,1,MZ,MZCER048,UGSY1501,N_50_50 Split            ,SYFER001,SYF38901,1989,UGSYFREKU3,        -23.667,         29.600,     1250,1989333,1989334,1989341,1990042,1990105,1990105,1990,-99,8345,2370,2370,0,3386,.2825446,839,139.8011,.2840152,2.152590,-99.00000,-99,-99,-99,-99,-99,0,0,304,361,204,157,1,20,9,2,40,0,72,0,5,37,59,26,.6985017E-01,-99,-99,-99,-99,-99,-99,-99,-99,0,9234,9234,0,0,92497,92497,352.7812,.000000,28.88415,23.74156,40.85910,-99.00000,8.203531,6.742959,11.60460,-99.00000,208.6158,115.8977,59.25000,32.91667,136,26.51323,15.07353,16.70662,12.78945,380.0000,288.9000,351.4777,148.4250,204.2294,1,
43,2,1,1,1,MZ,MZCER048,UGSY1501,N_50_50 Split            ,SYFER001,SYF39001,1990,UGSYFREKU3,        -23.667,         29.600,     1250,1990333,1990334,1990341,1991036,1991102,1991102,1991,-99,9216,2711,2711,0,3913,.3002298,903,150.4896,.2941430,2.580480,-99.00000,-99,-99,-99,-99,-99,0,0,414,393,240,153,4,61,43,2,40,0,80,2,6,48,67,30,.8133980E-01,-99,-99,-99,-99,-99,-99,-99,-99,0,9223,9223,0,0,92331,92331,454.0312,.000000,22.25603,23.82274,38.34473,-99.00000,6.546728,7.007582,11.27930,-99.00000,230.4056,115.2028,67.77500,33.88750,133,27.05639,14.88872,16.80150,12.81866,380.0000,414.1000,386.8667,147.9246,240.3517,1,
44,2,1,1,1,MZ,MZCER048,UGSY1501,N_50_50 Split            ,SYFER001,SYF39101,1991,UGSYFREKU3,        -23.667,         29.600,     1250,1991333,1991334,1991341,1992034,1992089,1992089,1992,-99,7546,1397,1397,0,2480,.1572233,889,148.1359,.1851969,2.525762,-99.00000,-99,-99,-99,-99,-99,0,0,176,242,144,98,2,19,0,2,40,0,67,1,6,33,59,18,.6688873E-01,-99,-99,-99,-99,-99,-99,-99,-99,0,9236,9236,0,0,92463,92463,330.5391,.000000,42.79990,31.75731,52.40412,-99.00000,7.923993,5.879564,9.702123,-99.00000,188.6405,112.6212,34.92500,20.85075,120,28.99250,15.97750,17.52334,12.94223,380.0000,176.3000,237.6027,93.85010,143.9891,1,
45,2,1,1,1,MZ,MZCER048,UGSY1501,N_50_50 Split            ,SYFER001,SYF39201,1992,UGSYFREKU3,        -23.667,         29.600,     1250,1992333,1992334,1992340,1993032,1993082,1993082,1993,-99,5486,1196,1196,0,1735,.1693503,706,117.7339,.2180450,1.928297,-99.00000,-99,-99,-99,-99,-99,0,0,203,243,128,115,0,7,40,2,40,0,63,0,6,29,54,18,.6291677E-01,-99,-99,-99,-99,-99,-99,-99,-99,0,9241,9241,0,0,92517,92517,283.0078,.000000,33.41330,22.95029,42.90821,-99.00000,7.283800,5.002958,9.353605,-99.00000,137.1616,87.08673,29.90000,18.98413,114,28.02632,18.46228,16.91842,13.00980,380.0000,164.2000,239.0586,111.3020,127.8651,1,
46,2,1,1,1,MZ,MZCER048,UGSY1501,N_50_50 Split            ,SYFER001,SYF39301,1993,UGSYFREKU3,        -23.667,         29.600,     1250,1993333,1993334,1993340,1994039,1994105,1994105,1994,-99,7154,1413,1413,0,2391,.1938315,729,121.5149,.1975500,2.394046,-99.00000,-99,-99,-99,-99,-99,0,0,161,241,143,98,0,8,0,2,40,0,65,0,7,32,56,18,.6470378E-01,-99,-99,-99,-99,-99,-99,-99,-99,0,9239,9239,0,0,92548,92548,312.2656,.000000,44.37751,30.14476,50.11726,-99.00000,8.765509,5.954236,9.899232,-99.00000,178.8414,110.0562,35.32500,21.73846,136,26.75148,14.90662,16.99706,12.78945,380.0000,161.2000,237.3100,94.64271,142.7383,1,
47,2,1,1,1,MZ,MZCER048,UGSY1501,N_50_50 Split            ,SYFER001,SYF39401,1994,UGSYFREKU3,        -23.667,         29.600,     1250,1994333,1994334,1994340,1995037,1995102,1995102,1995,-99,7823,1722,1722,0,2567,.2375830,725,120.7691,.2200731,2.443340,-99.00000,-99,-99,-99,-99,-99,0,0,321,307,177,130,8,78,13,2,40,0,69,2,6,37,59,20,.6827098E-01,-99,-99,-99,-99,-99,-99,-99,-99,0,9234,9234,0,0,92469,92469,356.2500,.000000,24.40773,25.79494,44.16566,-99.00000,5.372854,5.678221,9.722155,-99.00000,195.5669,113.3721,43.05000,24.95652,133,27.13384,15.18421,16.93684,12.81866,380.0000,320.5000,303.2640,127.1520,177.1212,1,
48,2,1,1,1,MZ,MZCER048,UGSY1501,N_50_50 Split            ,SYFER001,SYF39501,1995,UGSYFREKU3,        -23.667,         29.600,     1250,1995333,1995334,1995341,1996042,1996121,1996121,1996,-99,10019,3440,3440,0,4759,.3688274,933,155.4281,.3432932,2.483344,-99.00000,-99,-99,-99,-99,-99,0,0,381,353,233,121,13,95,6,2,40,0,80,1,5,47,69,36,.7963079E-01,-99,-99,-99,-99,-99,-99,-99,-99,0,9224,9224,0,0,92383,92383,450.7969,.000000,26.52721,28.75031,43.05803,-99.00000,9.107758,9.871029,14.78339,-99.00000,250.4832,125.2416,86.00000,43.00000,152,25.30789,13.51842,16.47303,12.63141,380.0000,377.7000,348.4946,116.2547,232.6936,1,
49,2,1,1,1,MZ,MZCER048,UGSY1501,N_50_50 Split            ,SYFER001,SYF39601,1996,UGSYFREKU3,        -23.667,         29.600,     1250,1996333,1996334,1996341,1997034,1997101,1997101,1997,-99,8500,2394,2394,0,3434,.3069191,780,130.0198,.2816753,2.302188,-99.00000,-99,-99,-99,-99,-99,0,0,484,416,229,187,24,119,11,2,40,0,77,3,5,45,64,27,.1335076,-99,-99,-99,-99,-99,-99,-99,-99,0,9226,9226,0,0,92384,92384,431.9062,.000000,17.91052,20.56051,37.12024,-99.00000,5.044248,5.790583,10.45440,-99.00000,212.5083,110.3939,59.85000,31.09091,133,26.90150,15.49399,17.25940,12.83288,380.0000,474.6000,413.4299,185.6748,228.9945,1,
50,2,1,1,1,MZ,MZCER048,UGSY1501,N_50_50 Split            ,SYFER001,SYF39701,1997,UGSYFREKU3,        -23.667,         29.600,     1250,1997333,1997334,1997340,1998024,1998076,1998076,1998,-99,7032,1279,1279,0,2020,.1887444,678,112.9785,.1819352,2.455293,-99.00000,-99,-99,-99,-99,-99,0,0,264,280,177,103,12,0,59,2,40,0,69,0,5,34,60,16,.6065597E-01,-99,-99,-99,-99,-99,-99,-99,-99,0,9235,9235,0,0,92442,92442,317.0938,.000000,26.67836,25.48493,39.72511,-99.00000,4.852048,4.634996,7.224887,-99.00000,175.8104,101.9191,31.97500,18.53623,107,29.49532,20.22243,18.05140,13.05885,380.0000,263.6000,275.9441,100.3505,177.0270,1,
51,2,1,1,1,MZ,MZCER048,UGSY1501,N_50_50 Split            ,SYFER001,SYF39801,1998,UGSYFREKU3,        -23.667,         29.600,     1250,1998333,1998334,1998343,1999039,1999106,1999106,1999,-99,7367,1444,1444,0,2161,.2286038,631,105.2422,.1959486,2.568223,-99.00000,-99,-99,-99,-99,-99,0,0,209,274,165,108,0,23,0,2,40,0,69,0,5,35,58,18,.6746465E-01,-99,-99,-99,-99,-99,-99,-99,-99,0,9236,9236,0,0,92519,92519,335.7812,.000000,35.26502,27.53470,44.53962,-99.00000,6.912398,5.397156,8.730338,-99.00000,184.1716,106.7661,36.10000,20.92754,137,26.66715,14.70438,17.74818,12.77967,380.0000,208.9000,267.5483,102.3778,165.4002,1,
52,2,1,1,1,MZ,MZCER048,UGSY1501,N_50_50 Split            ,SYFER001,SYF39901,1999,UGSYFREKU3,        -23.667,         29.600,     1250,1999333,1999334,1999341,2000040,2000099,2000099,2000,-99,7253,1516,1516,0,2407,.2438303,622,103.6259,.2090094,2.343291,-99.00000,-99,-99,-99,-99,-99,0,0,659,433,231,202,29,193,92,2,40,0,82,3,7,52,62,19,.7155966E-01,-99,-99,-99,-99,-99,-99,-99,-99,0,9220,9220,0,0,92321,92321,477.1484,.000000,11.05027,17.08450,31.36578,-99.00000,2.309568,3.570754,6.555620,-99.00000,181.3349,88.45607,37.90000,18.48780,130,25.31692,17.66615,17.71077,12.84764,380.0000,656.3999,424.5602,195.0185,231.2520,1,
53,2,1,1,1,MZ,MZCER048,UGSY1501,N_50_50 Split            ,SYFER001,SYF30001,2000,UGSYFREKU3,        -23.667,         29.600,     1250,2000333,2000334,2000341,2001036,2001097,2001097,2001,-99,3528,703,703,0,858,.2689251,261,46.94162,.1991819,1.501559,-99.00000,-99,-99,-99,-99,-99,0,0,213,244,131,114,0,47,9,2,40,0,56,0,15,32,41,12,.6981366E-01,-99,-99,-99,-99,-99,-99,-99,-99,0,9237,9237,0,0,92415,92415,316.4453,.000000,16.53454,14.76635,27.03637,-99.00000,3.294283,2.941995,5.386631,-99.00000,88.21176,63.00840,17.57500,12.55357,129,27.76048,15.13333,16.08837,12.87120,380.0000,213.4000,238.9535,109.4631,130.5083,1,
54,2,1,1,1,MZ,MZCER048,UGSY1501,N_50_50 Split            ,SYFER001,SYF30101,2001,UGSYFREKU3,        -23.667,         29.600,     1250,2001333,2001334,2001341,2002036,2002097,2002097,2002,-99,8337,1987,1987,0,3181,.2292054,867,144.4987,.2383453,2.549815,-99.00000,-99,-99,-99,-99,-99,0,0,261,317,211,106,4,27,0,2,40,0,71,1,6,37,59,21,.7472976E-01,-99,-99,-99,-99,-99,-99,-99,-99,0,9234,9234,0,0,92513,92513,365.0781,.000000,31.95650,26.46085,39.52053,-99.00000,7.615944,6.306208,9.418621,-99.00000,208.4363,117.4289,49.67500,27.98592,128,27.89453,15.16640,17.66250,12.86682,380.0000,260.9000,315.0863,104.2328,210.9651,1,
55,2,1,1,1,MZ,MZCER048,UGSY1501,N_50_50 Split            ,SYFER001,SYF30201,2002,UGSYFREKU3,        -23.667,         29.600,     1250,2002333,2002334,2002341,2003033,2003088,2003088,2003,-99,6516,1135,1135,0,1778,.1996202,569,94.78317,.1742342,2.459068,-99.00000,-99,-99,-99,-99,-99,0,0,219,270,172,97,6,18,12,2,40,0,69,1,5,35,58,15,.6604219E-01,-99,-99,-99,-99,-99,-99,-99,-99,0,9236,9236,0,0,92471,92471,340.0312,.000000,29.72439,24.78747,37.77821,-99.00000,5.177920,4.317919,6.580877,-99.00000,162.8897,94.42879,28.37500,16.44928,119,29.11345,16.34286,17.58572,12.95148,380.0000,219.2000,262.8581,92.07182,172.4694,1,
56,2,1,1,1,MZ,MZCER048,UGSY1501,N_50_50 Split            ,SYFER001,SYF30301,2003,UGSYFREKU3,        -23.667,         29.600,     1250,2003333,2003334,2003340,2004033,2004096,2004096,2004,-99,8892,2551,2551,0,3692,.2873597,888,147.9393,.2868533,2.548059,-99.00000,-99,-99,-99,-99,-99,0,0,457,370,228,142,12,96,65,2,40,0,81,3,6,50,69,30,.7469110E-01,-99,-99,-99,-99,-99,-99,-99,-99,0,9220,9220,0,0,92296,92296,456.6641,.000000,19.47443,24.40047,39.07147,-99.00000,5.586947,7.000160,11.20907,-99.00000,222.3006,109.7781,63.77500,31.49383,127,27.13228,16.66299,15.82520,12.87637,380.0000,456.6000,364.4202,138.1495,227.5836,1,
57,2,1,1,1,MZ,MZCER048,UGSY1501,N_50_50 Split            ,SYFER001,SYF30401,2004,UGSYFREKU3,        -23.667,         29.600,     1250,2004333,2004334,2004340,2005032,2005089,2005089,2005,-99,5729,887,887,0,1319,.1958325,453,75.50473,.1548457,2.440213,-99.00000,-99,-99,-99,-99,-99,0,0,231,250,141,109,2,64,1,2,40,0,64,2,6,32,55,13,.6945406E-01,-99,-99,-99,-99,-99,-99,-99,-99,0,9238,9238,0,0,92518,92518,315.0547,.000000,24.98658,23.24791,40.52965,-99.00000,3.868295,3.599122,6.274593,-99.00000,143.2356,89.52224,22.17500,13.85938,121,28.65207,16.66033,16.53471,12.94627,380.0000,229.3000,246.4490,105.1826,141.3637,1,
58,2,1,1,1,MZ,MZCER048,UGSY1501,N_50_50 Split            ,SYFER001,SYF30501,2005,UGSYFREKU3,        -23.667,         29.600,     1250,2005333,2005334,2005341,2006035,2006100,2006100,2006,-99,8680,3034,3034,0,4149,.3019963,1005,167.4569,.3495603,2.201983,-99.00000,-99,-99,-99,-99,-99,0,0,369,357,209,149,6,41,51,2,40,0,81,1,6,48,69,37,.7279337E-01,-99,-99,-99,-99,-99,-99,-99,-99,0,9222,9222,0,0,92299,92299,453.5156,.000000,23.53655,24.67835,41.62809,-99.00000,8.226682,8.625769,14.55018,-99.00000,217.0070,107.1640,75.85000,37.45679,131,26.47099,15.94733,15.60687,12.83801,380.0000,368.8000,351.7368,144.2016,208.5198,1,
59,2,1,1,1,MZ,MZCER048,UGSY1501,N_50_50 Split            ,SYFER001,SYF30601,2006,UGSYFREKU3,        -23.667,         29.600,     1250,2006333,2006334,2006341,2007036,2007090,2007090,2007,-99,5709,983,983,0,1614,.1358578,724,120.6044,.1721941,2.492975,-99.00000,-99,-99,-99,-99,-99,0,0,171,204,110,94,0,40,13,2,40,0,61,1,8,31,53,14,.6746455E-01,-99,-99,-99,-99,-99,-99,-99,-99,0,9240,9240,0,0,92515,92515,299.6094,.000000,33.46584,28.99579,51.99870,-99.00000,5.762016,4.992380,8.952930,-99.00000,142.7318,93.59464,24.57500,16.11475,121,29.56943,15.41405,17.39587,12.93293,380.0000,170.6000,196.9001,87.56808,109.7964,1,
60,2,1,1,1,MZ,MZCER048,UGSY1501,N_50_50 Split            ,SYFER001,SYF30701,2007,UGSYFREKU3,        -23.667,         29.600,     1250,2007333,2007334,2007341,2008040,2008109,2008109,2008,-99,8677,2772,2772,0,3844,.3197948,867,144.4483,.3194146,2.547540,-99.00000,-99,-99,-99,-99,-99,0,0,378,374,206,168,24,29,38,2,40,0,78,0,6,44,65,31,.7518976E-01,-99,-99,-99,-99,-99,-99,-99,-99,0,9227,9227,0,0,92368,92368,421.7969,.000000,22.96167,23.43595,42.12515,-99.00000,7.335275,7.486786,13.45719,-99.00000,216.9304,111.2463,69.30000,35.53846,140,26.37572,14.09214,16.09857,12.75023,380.0000,377.9000,370.2523,165.4839,205.9866,1,
61,2,1,1,1,MZ,MZCER048,UGSY1501,N_50_50 Split            ,SYFER001,SYF30801,2008,UGSYFREKU3,        -23.667,         29.600,     1250,2008333,2008334,2008340,2009030,2009091,2009091,2009,-99,8705,2510,2510,0,3678,.2853550,879,146.5829,.2882931,2.241096,-99.00000,-99,-99,-99,-99,-99,0,0,318,387,252,134,4,6,8,2,40,0,75,0,5,40,56,24,.6772037E-01,-99,-99,-99,-99,-99,-99,-99,-99,0,9233,9233,0,0,92493,92493,375.2344,.000000,27.37529,23.01981,34.50951,-99.00000,7.893083,6.637272,9.950085,-99.00000,217.6335,116.0712,62.75000,33.46667,123,28.02032,16.70162,21.32602,12.92773,380.0000,318.0000,378.1674,127.1418,252.2592,1,
62,2,1,1,1,MZ,MZCER048,UGSY1501,N_50_50 Split            ,SYFER001,SYF30901,2009,UGSYFREKU3,        -23.667,         29.600,     1250,2009333,2009334,2009340,2010034,2010091,2010091,2010,-99,7192,1649,1649,0,2794,.1785234,924,153.9335,.2292735,1.910407,-99.00000,-99,-99,-99,-99,-99,0,0,219,274,180,94,13,19,0,2,40,0,65,0,7,33,50,18,.6659957E-01,-99,-99,-99,-99,-99,-99,-99,-99,0,9240,9240,0,0,92569,92569,316.3750,.000000,34.21315,26.93847,39.98591,-99.00000,7.844909,6.176862,9.168575,-99.00000,179.7901,110.6401,41.22500,25.36923,122,29.52541,15.50246,21.79262,12.92360,380.0000,210.2000,266.9641,87.19860,179.8535,1,
63,2,1,1,1,MZ,MZCER048,UGSY1501,N_50_50 Split            ,SYFER001,SYF31001,2010,UGSYFREKU3,        -23.667,         29.600,     1250,2010333,2010334,2010340,2011038,2011095,2011095,2011,-99,4378,574,574,0,789,.1885287,304,54.36195,.1311068,2.018327,-99.00000,-99,-99,-99,-99,-99,0,0,342,254,127,128,19,112,44,2,40,0,61,2,6,29,43,8,.7718681E-01,-99,-99,-99,-99,-99,-99,-99,-99,0,9244,9244,0,0,92622,92622,270.0156,.000000,12.87241,17.72084,34.54929,-99.00000,1.687739,2.323431,4.529858,-99.00000,109.4477,71.76895,14.35000,9.409836,126,28.64365,15.02619,21.82619,12.88588,380.0000,340.1000,247.0485,120.7454,126.7148,1,
64,2,1,1,1,MZ,MZCER048,UGSY1501,N_50_50 Split            ,SYFER001,SYF31101,2011,UGSYFREKU3,        -23.667,         29.600,     1250,2011333,2011334,2011341,2012035,2012090,2012090,2012,-99,2998,346,346,0,457,.1431894,242,44.57525,.1154292,1.679835,-99.00000,-99,-99,-99,-99,-99,0,0,85,156,92,63,1,17,0,2,40,0,37,0,29,26,28,5,.6066542E-01,-99,-99,-99,-99,-99,-99,-99,-99,0,9244,9244,0,0,92659,92659,257.9141,.000000,35.34843,19.73234,32.40784,-99.00000,4.080189,2.277659,3.740763,-99.00000,74.93868,81.01479,8.650000,9.351352,121,30.14214,14.88264,22.17934,12.93293,380.0000,84.80000,151.9104,59.47156,92.49451,1,
65,2,1,1,1,MZ,MZCER048,UGSY1501,N_50_50 Split            ,SYFER001,SYF31201,2012,UGSYFREKU3,        -23.667,         29.600,     1250,2012333,2012334,2012341,2013035,2013098,2013098,2013,-99,8629,2290,2290,0,3577,.2596765,882,146.9841,.2654099,1.961590,-99.00000,-99,-99,-99,-99,-99,0,0,413,381,246,136,22,71,25,2,40,0,71,1,6,38,54,22,.6801865E-01,-99,-99,-99,-99,-99,-99,-99,-99,0,9235,9235,0,0,92548,92548,362.7266,.000000,20.90752,23.10600,35.09824,-99.00000,5.548825,6.132298,9.315021,-99.00000,215.7133,121.5286,57.25000,32.25352,130,28.83462,14.40308,21.29847,12.86166,380.0000,412.7000,373.4326,128.5880,245.8395,1,
66,2,1,1,1,MZ,MZCER048,UGSY1501,N_50_50 Split            ,SYFER001,SYF31301,2013,UGSYFREKU3,        -23.667,         29.600,     1250,2013333,2013334,2013342,2014038,2014101,2014101,2014,-99,7183,1623,1623,0,2388,.2636809,615,102.5828,.2259326,2.219182,-99.00000,-99,-99,-99,-99,-99,0,0,428,377,207,170,3,132,2,2,40,0,65,3,5,34,48,16,.8800747E-01,-99,-99,-99,-99,-99,-99,-99,-99,0,9239,9239,0,0,92621,92621,327.5469,.000000,16.79917,19.33901,34.65036,-99.00000,3.795604,4.369455,7.828903,-99.00000,179.5831,110.5127,40.57500,24.96923,132,27.57878,14.67727,20.15909,12.82834,380.0000,427.5999,371.4422,164.7528,207.3087,1,
67,2,1,1,1,MZ,MZCER048,UGSY1501,N_50_50 Split            ,SYFER001,SYF31401,2014,UGSYFREKU3,        -23.667,         29.600,     1250,2014333,2014334,2014340,2015035,2015090,2015090,2015,-99,4890,1175,1175,0,1945,.1411821,832,138.6523,.2402069,1.561807,-99.00000,-99,-99,-99,-99,-99,0,0,164,235,115,119,0,15,0,2,40,0,59,0,8,28,45,18,.6709014E-01,-99,-99,-99,-99,-99,-99,-99,-99,0,9244,9244,0,0,92612,92612,272.3594,.000000,29.86920,21.58974,42.39936,-99.00000,7.177763,5.188155,10.18884,-99.00000,122.2397,82.87439,29.37500,19.91525,121,29.86281,14.86529,21.93885,12.93293,380.0000,163.7000,226.4774,111.3766,115.3222,1,
68,2,1,1,1,MZ,MZCER048,UGSY1501,N_50_50 Split            ,SYFER001,SYF31501,2015,UGSYFREKU3,        -23.667,         29.600,     1250,2015333,2015334,2015340,2016032,2016085,2016085,2016,-99,6427,1171,1171,0,1956,.1723921,679,113.2046,.1821774,1.975037,-99.00000,-99,-99,-99,-99,-99,0,0,332,319,179,140,1,22,76,2,40,0,65,0,6,31,47,13,.7496002E-01,-99,-99,-99,-99,-99,-99,-99,-99,0,9241,9241,0,0,92586,92586,279.0469,.000000,19.38312,20.53434,35.93994,-99.00000,3.531363,3.741101,6.547808,-99.00000,160.6861,98.88375,29.27500,18.01538,116,30.19914,16.63534,22.59742,12.97898,380.0000,331.6000,313.0095,135.1614,178.8385,1,
69,2,1,1,1,MZ,MZCER048,UGSY1501,N_50_50 Split            ,SYFER001,SYF31601,2016,UGSYFREKU3,        -23.667,         29.600,     1250,2016333,2016334,2016340,2017037,-99,2017058,2017,-99,6149,393,393,0,1115,.6600373E-01,596,99.31861,.6396819E-01,2.327807,-99.00000,-99,-99,-99,-99,-99,0,0,263,304,183,122,4,34,7,2,40,0,63,1,4,28,51,4,.6395573E-01,-99,-99,-99,-99,-99,-99,-99,-99,0,9242,9242,0,0,92580,92580,279.0625,.000000,23.42378,20.74518,33.69020,-99.00000,1.497143,1.325939,2.153327,-99.00000,153.7186,97.59908,9.825000,6.238095,90,27.37445,16.23556,19.75556,13.20583,380.0000,262.5000,296.3938,114.5522,182.5083,1,
70,2,1,1,1,MZ,MZCER048,UGSY1501,N_50_50 Split            ,SYFER001,SYF31701,2017,UGSYFREKU3,        -23.667,         29.600,     1250,2017333,2017334,2017343,-99,-99,2017362,2017,-99,202,0,0,0,0,.000000,0,.000000,.000000,.3959075,-99.00000,-99,-99,-99,-99,-99,0,0,53,58,7,51,0,10,71,2,40,0,8,0,37,10,7,0,.2231999E-01,-99,-99,-99,-99,-99,-99,-99,-99,0,9258,9258,0,0,92577,92577,98.50000,.000000,3.947962,4.036021,27.97375,-99.00000,.000000,.000000,.000000,-99.00000,5.053391,25.26696,.000000,.000000,28,22.58929,15.56071,21.48572,13.43184,380.0000,51.20000,50.08290,44.07322,7.225904,1,
71,2,1,1,1,MZ,MZCER048,UGSY1501,N_50_50 Split            ,SYFER001,SYF31801,2018,UGSYFREKU3,        -23.667,         29.600,     1250,2018333,2018334,2018339,2019032,-99,2019052,2019,-99,6622,429,429,0,1430,.5775634E-01,743,123.8343,.6480000E-01,2.467472,-99.00000,-99,-99,-99,-99,-99,0,0,245,310,212,98,5,11,5,2,40,0,64,0,4,28,51,4,.5356177E-01,-99,-99,-99,-99,-99,-99,-99,-99,0,9242,9242,0,0,92573,92573,271.8516,.000000,27.20798,21.85511,31.26820,-99.00000,1.762531,1.415772,2.025551,-99.00000,165.5606,103.4754,10.72500,6.703125,83,29.28795,16.80362,23.13253,13.24573,380.0000,243.4000,303.0149,92.62627,211.7942,1,
72,2,1,1,1,MZ,MZCER048,UGSY1501,N_50_50 Split            ,SYFER001,SYF31901,2019,UGSYFREKU3,        -23.667,         29.600,     1250,2019333,2019334,-99,-99,-99,2019333,2019,-99,0,0,0,0,0,.000000,0,.000000,.000000,.000000,-99.00000,-99,-99,-99,-99,-99,0,0,2,7,0,7,0,0,81,0,0,0,0,0,0,0,0,0,.1803646E-14,-99,-99,-99,-99,-99,-99,-99,-99,0,9267,9267,0,0,92670,92670,271.8516,.000000,-99.00000,-99.00000,-99.00000,-99.00000,-99.00000,-99.00000,-99.00000,-99.00000,-99.00000,-99.00000,-99.00000,-99.00000,-99,-99.00000,-99.00000,-99.00000,-99.00000,-99.00000,-99.00000,-99.00000,-99.00000,-99.00000,-99,
73,3,1,1,1,MZ,MZCER048,UGSY1501,N_33_33_33 Split         ,SYFER001,SYF38401,1984,UGSYFREKU3,        -23.667,         29.600,     1250,1984333,1984334,1984341,1985035,1985096,1985096,1985,-99,7241,2253,2253,0,3311,.2723541,827,137.8415,.3110695,1.695452,-99.00000,-99,-99,-99,-99,-99,0,0,382,312,194,118,39,116,2,3,39,0,72,1,5,39,58,29,.6805534E-01,-99,-99,-99,-99,-99,-99,-99,-99,0,9232,9232,0,0,92453,92453,382.0000,.000000,19.56011,23.40965,37.27285,-99.00000,6.085898,7.283636,11.59701,-99.00000,185.6706,100.5716,57.76923,31.29167,128,26.95937,16.10469,17.20937,12.88071,380.0000,370.2001,309.3235,115.4069,194.2742,1,
74,3,1,1,1,MZ,MZCER048,UGSY1501,N_33_33_33 Split         ,SYFER001,SYF38501,1985,UGSYFREKU3,        -23.667,         29.600,     1250,1985333,1985334,1985341,1986039,1986101,1986101,1986,-99,6900,1473,1473,0,2389,.1961543,751,125.1378,.2134366,1.961535,-99.00000,-99,-99,-99,-99,-99,0,0,194,254,144,110,0,4,23,3,39,0,67,0,6,34,58,20,.6178717E-01,-99,-99,-99,-99,-99,-99,-99,-99,0,9237,9237,0,0,92489,92489,330.0391,.000000,40.25851,27.66377,47.85555,-99.00000,8.593932,5.905351,10.21566,-99.00000,176.9310,102.9897,37.76923,21.98507,132,27.18181,15.05530,17.16136,12.82834,380.0000,171.4000,249.4348,105.3178,144.1904,1,
75,3,1,1,1,MZ,MZCER048,UGSY1501,N_33_33_33 Split         ,SYFER001,SYF38601,1986,UGSYFREKU3,        -23.667,         29.600,     1250,1986333,1986334,1986340,-99,-99,1987012,1987,-99,1665,0,0,0,0,.000000,0,.000000,.000000,1.888818,-99.00000,-99,-99,-99,-99,-99,0,0,220,124,40,84,3,55,126,2,26,0,34,1,8,17,31,0,.2646253E-01,-99,-99,-99,-99,-99,-99,-99,-99,0,9251,9251,0,0,92517,92517,151.6094,.000000,9.388034,14.09899,41.85592,-99.00000,.000000,.000000,.000000,-99.00000,64.05527,48.98344,.000000,.000000,43,26.47442,15.60930,16.38837,13.42399,380.0000,177.4000,118.1246,81.20721,39.78977,1,
76,3,1,1,1,MZ,MZCER048,UGSY1501,N_33_33_33 Split         ,SYFER001,SYF38701,1987,UGSYFREKU3,        -23.667,         29.600,     1250,1987333,1987334,1987340,1988038,1988101,1988101,1988,-99,8399,2532,2532,0,3829,.2797875,905,150.8447,.3014998,1.983685,-99.00000,-99,-99,-99,-99,-99,0,0,398,369,212,156,4,109,2,3,39,0,74,2,5,41,61,29,.7520638E-01,-99,-99,-99,-99,-99,-99,-99,-99,0,9230,9230,0,0,92434,92434,396.0312,.000000,21.12401,22.98921,39.52990,-99.00000,6.368209,6.930507,11.91700,-99.00000,215.3566,113.4987,64.92308,34.21622,132,26.65758,15.72121,16.01666,12.82834,380.0000,397.6000,365.3412,153.3903,212.4697,1,
77,3,1,1,1,MZ,MZCER048,UGSY1501,N_33_33_33 Split         ,SYFER001,SYF38801,1988,UGSYFREKU3,        -23.667,         29.600,     1250,1988333,1988334,1988343,1989041,1989116,1989116,1989,-99,5753,1515,1515,0,2090,.3058706,495,82.53708,.2632849,1.776319,-99.00000,-99,-99,-99,-99,-99,0,0,301,319,172,148,1,61,6,3,39,0,67,1,5,34,52,22,.6594200E-01,-99,-99,-99,-99,-99,-99,-99,-99,0,9238,9238,0,0,92560,92560,333.4609,.000000,21.98409,18.16054,33.53526,-99.00000,5.789071,4.782215,8.830842,-99.00000,147.5189,85.86920,38.84615,22.61194,148,25.63987,13.41487,17.33649,12.68611,380.0000,261.7000,316.7988,145.5601,171.5578,1,
78,3,1,1,1,MZ,MZCER048,UGSY1501,N_33_33_33 Split         ,SYFER001,SYF38901,1989,UGSYFREKU3,        -23.667,         29.600,     1250,1989333,1989334,1989341,1990042,1990105,1990105,1990,-99,8207,2511,2511,0,3547,.2848986,881,146.8891,.3059567,1.803028,-99.00000,-99,-99,-99,-99,-99,0,0,304,360,198,162,1,20,10,3,39,0,72,0,5,38,59,28,.6018106E-01,-99,-99,-99,-99,-99,-99,-99,-99,0,9234,9234,0,0,92478,92478,356.8047,.000000,28.40688,23.41787,41.35637,-99.00000,8.691589,7.165112,12.65371,-99.00000,210.4294,113.9826,64.38461,34.87500,136,26.51323,15.07353,16.70662,12.78945,380.0000,288.9000,350.4481,153.1649,198.4398,1,
79,3,1,1,1,MZ,MZCER048,UGSY1501,N_33_33_33 Split         ,SYFER001,SYF39001,1990,UGSYFREKU3,        -23.667,         29.600,     1250,1990333,1990334,1990341,1991036,1991102,1991102,1991,-99,9116,2972,2972,0,4274,.2994699,993,165.4215,.3260681,2.027929,-99.00000,-99,-99,-99,-99,-99,0,0,414,390,228,162,4,61,46,3,39,0,79,2,7,49,66,33,.6943085E-01,-99,-99,-99,-99,-99,-99,-99,-99,0,9222,9222,0,0,92318,92318,456.6953,.000000,22.01318,23.78287,39.95528,-99.00000,7.177010,7.753986,13.02671,-99.00000,233.7348,115.3881,76.20513,37.62025,133,27.05639,14.88872,16.80150,12.81866,380.0000,414.1000,383.2867,156.4794,228.1466,1,
80,3,1,1,1,MZ,MZCER048,UGSY1501,N_33_33_33 Split         ,SYFER001,SYF39101,1991,UGSYFREKU3,        -23.667,         29.600,     1250,1991333,1991334,1991341,1992034,1992089,1992089,1992,-99,7177,1600,1600,0,2761,.1601167,999,166.5104,.2228786,2.032703,-99.00000,-99,-99,-99,-99,-99,0,0,176,241,140,101,2,19,1,3,39,0,66,1,6,34,58,22,.6189743E-01,-99,-99,-99,-99,-99,-99,-99,-99,0,9236,9236,0,0,92454,92454,333.3906,.000000,40.71070,30.35511,51.22189,-99.00000,9.075439,6.766918,11.41865,-99.00000,184.0332,108.7469,41.02564,24.24242,120,28.99250,15.97750,17.52334,12.94223,380.0000,176.3000,236.4444,96.56375,140.1217,1,
81,3,1,1,1,MZ,MZCER048,UGSY1501,N_33_33_33 Split         ,SYFER001,SYF39201,1992,UGSYFREKU3,        -23.667,         29.600,     1250,1992333,1992334,1992340,1993032,1993082,1993082,1993,-99,5298,1254,1254,0,1794,.1718573,730,121.6295,.2367431,1.736573,-99.00000,-99,-99,-99,-99,-99,0,0,203,243,126,117,0,7,40,3,39,0,62,0,6,30,53,19,.5942519E-01,-99,-99,-99,-99,-99,-99,-99,-99,0,9240,9240,0,0,92508,92508,285.0781,.000000,32.26321,22.18601,41.99302,-99.00000,7.637027,5.251653,9.940170,-99.00000,135.8364,85.44548,32.15385,20.22581,114,28.02632,18.46228,16.91842,13.00980,380.0000,164.2000,238.7820,112.7400,126.1548,1,
82,3,1,1,1,MZ,MZCER048,UGSY1501,N_33_33_33 Split         ,SYFER001,SYF39301,1993,UGSYFREKU3,        -23.667,         29.600,     1250,1993333,1993334,1993340,1994039,1994105,1994105,1994,-99,7061,1614,1614,0,2689,.1974924,817,136.1753,.2285282,1.964425,-99.00000,-99,-99,-99,-99,-99,0,0,161,240,140,100,0,8,0,3,39,0,65,0,7,33,55,21,.6147851E-01,-99,-99,-99,-99,-99,-99,-99,-99,0,9238,9238,0,0,92527,92527,317.8672,.000000,43.80212,29.81092,50.38097,-99.00000,10.01241,6.814262,11.51622,-99.00000,181.0487,108.6292,41.38462,24.83077,136,26.75148,14.90662,16.99706,12.78945,380.0000,161.2000,236.8562,96.77122,140.1501,1,
83,3,1,1,1,MZ,MZCER048,UGSY1501,N_33_33_33 Split         ,SYFER001,SYF39401,1994,UGSYFREKU3,        -23.667,         29.600,     1250,1994333,1994334,1994340,1995037,1995102,1995102,1995,-99,7546,1856,1856,0,2733,.2409599,770,128.3784,.2459581,1.927450,-99.00000,-99,-99,-99,-99,-99,0,0,321,305,170,135,8,79,15,3,39,0,69,2,6,37,59,23,.6129328E-01,-99,-99,-99,-99,-99,-99,-99,-99,0,9233,9233,0,0,92448,92448,361.2969,.000000,23.54500,25.04405,44.29813,-99.00000,5.790951,6.159646,10.89524,-99.00000,193.4916,109.3648,47.58974,26.89855,133,27.13384,15.18421,16.93684,12.81866,380.0000,320.5000,301.3160,131.9457,170.3497,1,
84,3,1,1,1,MZ,MZCER048,UGSY1501,N_33_33_33 Split         ,SYFER001,SYF39501,1995,UGSYFREKU3,        -23.667,         29.600,     1250,1995333,1995334,1995341,1996042,1996121,1996121,1996,-99,9821,3672,3672,0,5057,.3681811,997,166.2197,.3738876,1.950168,-99.00000,-99,-99,-99,-99,-99,0,0,381,351,222,129,13,95,9,3,39,0,80,1,5,47,68,39,.7120281E-01,-99,-99,-99,-99,-99,-99,-99,-99,0,9224,9224,0,0,92362,92362,455.4062,.000000,26.00202,28.41518,44.20999,-99.00000,9.722002,10.62427,16.52985,-99.00000,251.8196,122.7620,94.15385,45.90000,152,25.30789,13.51842,16.47303,12.63141,380.0000,377.7000,345.6238,124.0788,222.1435,1,
85,3,1,1,1,MZ,MZCER048,UGSY1501,N_33_33_33 Split         ,SYFER001,SYF39601,1996,UGSYFREKU3,        -23.667,         29.600,     1250,1996333,1996334,1996341,1997034,1997101,1997101,1997,-99,8360,2901,2901,0,4119,.3053845,950,158.3293,.3470171,1.721631,-99.00000,-99,-99,-99,-99,-99,0,0,484,409,211,197,24,123,14,3,39,0,77,3,5,46,64,34,.1005115,-99,-99,-99,-99,-99,-99,-99,-99,0,9225,9225,0,0,92353,92353,437.9688,.000000,17.61493,20.60301,39.53529,-99.00000,6.112516,7.149403,13.71905,-99.00000,214.3601,108.5720,74.38461,37.67532,133,26.90150,15.49399,17.25940,12.83288,380.0000,474.6000,405.7681,195.5184,211.4578,1,
86,3,1,1,1,MZ,MZCER048,UGSY1501,N_33_33_33 Split         ,SYFER001,SYF39701,1997,UGSYFREKU3,        -23.667,         29.600,     1250,1997333,1997334,1997340,1998024,1998076,1998076,1998,-99,6389,1536,1536,0,2268,.1920839,800,133.2799,.2404272,1.905243,-99.00000,-99,-99,-99,-99,-99,0,0,264,278,169,109,12,0,61,3,39,0,69,0,5,35,59,22,.5802798E-01,-99,-99,-99,-99,-99,-99,-99,-99,0,9235,9235,0,0,92425,92425,323.2266,.000000,24.23694,23.28691,37.72509,-99.00000,5.827011,5.598606,9.069811,-99.00000,163.8169,92.59214,39.38462,22.26087,107,29.49532,20.22243,18.05140,13.05885,380.0000,263.6000,274.3540,106.3674,169.3530,1,
87,3,1,1,1,MZ,MZCER048,UGSY1501,N_33_33_33 Split         ,SYFER001,SYF39801,1998,UGSYFREKU3,        -23.667,         29.600,     1250,1998333,1998334,1998343,1999039,1999106,1999106,1999,-99,7216,1556,1556,0,2310,.2306816,674,112.4107,.2156278,2.113795,-99.00000,-99,-99,-99,-99,-99,0,0,209,273,161,112,0,23,0,3,39,0,69,0,5,35,58,20,.5881986E-01,-99,-99,-99,-99,-99,-99,-99,-99,0,9236,9236,0,0,92504,92504,338.6094,.000000,34.54049,27.04596,44.92942,-99.00000,7.448540,5.832370,9.688877,-99.00000,185.0130,104.5726,39.89743,22.55072,137,26.66715,14.70438,17.74818,12.77967,380.0000,208.9000,266.7869,106.4177,160.5965,1,
88,3,1,1,1,MZ,MZCER048,UGSY1501,N_33_33_33 Split         ,SYFER001,SYF39901,1999,UGSYFREKU3,        -23.667,         29.600,     1250,1999333,1999334,1999341,2000040,2000099,2000099,2000,-99,6950,1668,1668,0,2606,.2429613,687,114.4503,.2400685,1.866796,-99.00000,-99,-99,-99,-99,-99,0,0,659,431,220,211,29,195,91,3,39,0,81,3,7,52,61,22,.6314214E-01,-99,-99,-99,-99,-99,-99,-99,-99,0,9220,9220,0,0,92306,92306,480.7422,.000000,10.58770,16.44900,31.61558,-99.00000,2.541134,3.947892,7.587996,-99.00000,178.1991,85.79958,42.76923,20.59259,130,25.31692,17.66615,17.71077,12.84764,380.0000,656.3999,422.5039,204.3897,219.8209,1,
89,3,1,1,1,MZ,MZCER048,UGSY1501,N_33_33_33 Split         ,SYFER001,SYF30001,2000,UGSYFREKU3,        -23.667,         29.600,     1250,2000333,2000334,2000341,2001036,2001097,2001097,2001,-99,3226,671,671,0,819,.2706816,248,44.30610,.2079807,1.236831,-99.00000,-99,-99,-99,-99,-99,0,0,213,238,122,116,0,47,15,3,39,0,50,0,21,33,37,11,.6728756E-01,-99,-99,-99,-99,-99,-99,-99,-99,0,9235,9235,0,0,92393,92393,329.5625,.000000,15.11541,13.84389,26.34850,-99.00000,3.144330,2.879827,5.481054,-99.00000,82.70843,64.51257,17.20513,13.42000,129,27.76048,15.13333,16.08837,12.87120,380.0000,213.4000,233.0002,111.4913,122.4217,1,
90,3,1,1,1,MZ,MZCER048,UGSY1501,N_33_33_33 Split         ,SYFER001,SYF30101,2001,UGSYFREKU3,        -23.667,         29.600,     1250,2001333,2001334,2001341,2002036,2002097,2002097,2002,-99,8291,2352,2352,0,3721,.2346154,1003,167.1031,.2837087,2.020096,-99.00000,-99,-99,-99,-99,-99,0,0,261,314,204,110,4,30,0,3,39,0,70,1,5,38,58,26,.6512231E-01,-99,-99,-99,-99,-99,-99,-99,-99,0,9233,9233,0,0,92487,92487,371.0938,.000000,31.77939,26.62642,40.74241,-99.00000,9.014947,7.553189,11.55751,-99.00000,212.5960,118.4463,60.30769,33.60000,128,27.89453,15.16640,17.66250,12.86682,380.0000,260.9000,311.3916,108.0011,203.5040,1,
91,3,1,1,1,MZ,MZCER048,UGSY1501,N_33_33_33 Split         ,SYFER001,SYF30201,2002,UGSYFREKU3,        -23.667,         29.600,     1250,2002333,2002334,2002341,2003033,2003088,2003088,2003,-99,5805,1081,1081,0,1678,.2080872,520,86.61740,.1862795,1.967668,-99.00000,-99,-99,-99,-99,-99,0,0,219,270,170,100,6,17,13,3,39,0,68,0,5,35,56,16,.6492974E-01,-99,-99,-99,-99,-99,-99,-99,-99,0,9235,9235,0,0,92461,92461,344.5156,.000000,26.48478,22.06745,34.13384,-99.00000,4.931570,4.109046,6.355856,-99.00000,148.8580,85.37445,27.71795,15.89706,119,29.11345,16.34286,17.58572,12.95148,380.0000,219.2000,263.0781,94.62745,170.0794,1,
92,3,1,1,1,MZ,MZCER048,UGSY1501,N_33_33_33 Split         ,SYFER001,SYF30301,2003,UGSYFREKU3,        -23.667,         29.600,     1250,2003333,2003334,2003340,2004033,2004096,2004096,2004,-99,8833,2926,2926,0,4348,.2862121,1022,170.3853,.3312618,2.010787,-99.00000,-99,-99,-99,-99,-99,0,0,457,367,217,150,12,99,65,3,39,0,81,3,6,51,68,36,.6323002E-01,-99,-99,-99,-99,-99,-99,-99,-99,0,9220,9220,0,0,92281,92281,461.1484,.000000,19.34479,24.43765,40.66029,-99.00000,6.408235,8.095315,13.46929,-99.00000,226.4829,109.0473,75.02564,36.12346,127,27.13228,16.66299,15.82520,12.87637,380.0000,456.6000,361.4436,145.5103,217.2349,1,
93,3,1,1,1,MZ,MZCER048,UGSY1501,N_33_33_33 Split         ,SYFER001,SYF30401,2004,UGSYFREKU3,        -23.667,         29.600,     1250,2004333,2004334,2004340,2005032,2005089,2005089,2005,-99,5260,966,966,0,1395,.2012553,480,79.96908,.1835683,1.933984,-99.00000,-99,-99,-99,-99,-99,0,0,231,249,137,112,2,64,2,3,39,0,64,2,6,33,53,15,.5923613E-01,-99,-99,-99,-99,-99,-99,-99,-99,0,9238,9238,0,0,92499,92499,321.8672,.000000,22.94135,21.44781,38.36607,-99.00000,4.212821,3.938557,7.045332,-99.00000,134.8834,82.19455,24.76923,15.09375,121,28.65207,16.66033,16.53471,12.94627,380.0000,229.3000,245.2675,108.2609,137.1121,1,
94,3,1,1,1,MZ,MZCER048,UGSY1501,N_33_33_33 Split         ,SYFER001,SYF30501,2005,UGSYFREKU3,        -23.667,         29.600,     1250,2005333,2005334,2005341,2006035,2006100,2006100,2006,-99,8308,3099,3099,0,4235,.3013683,1028,171.3660,.3729612,1.870264,-99.00000,-99,-99,-99,-99,-99,0,0,369,355,201,154,6,40,54,3,39,0,79,1,6,47,68,39,.6770936E-01,-99,-99,-99,-99,-99,-99,-99,-99,0,9223,9223,0,0,92299,92299,449.0000,.000000,22.52781,23.74676,41.31422,-99.00000,8.402928,8.857600,15.41031,-99.00000,213.0322,105.1678,79.46154,39.22785,131,26.47099,15.94733,15.60687,12.83801,380.0000,368.8000,349.8690,149.6993,201.0992,1,
95,3,1,1,1,MZ,MZCER048,UGSY1501,N_33_33_33 Split         ,SYFER001,SYF30601,2006,UGSYFREKU3,        -23.667,         29.600,     1250,2006333,2006334,2006341,2007036,2007090,2007090,2007,-99,5251,1030,1030,0,1653,.1373576,750,124.9220,.1960494,2.065821,-99.00000,-99,-99,-99,-99,-99,0,0,171,203,108,95,0,40,14,3,39,0,60,1,8,31,51,16,.6231182E-01,-99,-99,-99,-99,-99,-99,-99,-99,0,9239,9239,0,0,92512,92512,301.2891,.000000,30.78210,26.71702,48.50823,-99.00000,6.037514,5.240201,9.514269,-99.00000,134.6519,87.52377,26.41026,17.16667,121,29.56943,15.41405,17.39587,12.93293,380.0000,170.6000,196.5573,88.71531,108.2585,1,
96,3,1,1,1,MZ,MZCER048,UGSY1501,N_33_33_33 Split         ,SYFER001,SYF30701,2007,UGSYFREKU3,        -23.667,         29.600,     1250,2007333,2007334,2007341,2008040,2008109,2008109,2008,-99,8398,2982,2982,0,4149,.3188809,935,155.8385,.3550250,1.960748,-99.00000,-99,-99,-99,-99,-99,0,0,378,368,196,171,24,32,41,3,39,0,78,0,6,46,65,35,.6726321E-01,-99,-99,-99,-99,-99,-99,-99,-99,0,9226,9226,0,0,92347,92347,430.6094,.000000,22.22382,23.07250,42.76132,-99.00000,7.890977,8.192320,15.18320,-99.00000,215.3430,107.6715,76.46154,38.23077,140,26.37572,14.09214,16.09857,12.75023,380.0000,377.9000,363.9995,168.7800,196.4013,1,
97,3,1,1,1,MZ,MZCER048,UGSY1501,N_33_33_33 Split         ,SYFER001,SYF30801,2008,UGSYFREKU3,        -23.667,         29.600,     1250,2008333,2008334,2008340,2009030,2009091,2009091,2009,-99,8854,3115,3115,0,4549,.2865056,1087,181.2044,.3518314,1.811088,-99.00000,-99,-99,-99,-99,-99,0,0,318,382,241,141,4,6,13,3,39,0,75,0,5,41,57,31,.6402294E-01,-99,-99,-99,-99,-99,-99,-99,-99,0,9231,9231,0,0,92453,92453,386.9219,.000000,27.84142,23.70003,36.67756,-99.00000,9.795598,8.338510,12.90446,-99.00000,227.0147,118.0476,79.87180,41.53333,123,28.02032,16.70162,21.32602,12.92773,380.0000,318.0000,373.5680,133.3635,241.3894,1,
98,3,1,1,1,MZ,MZCER048,UGSY1501,N_33_33_33 Split         ,SYFER001,SYF30901,2009,UGSYFREKU3,        -23.667,         29.600,     1250,2009333,2009334,2009340,2010034,2010091,2010091,2010,-99,7157,1962,1962,0,3266,.1871424,1049,174.7747,.2741844,1.568971,-99.00000,-99,-99,-99,-99,-99,0,0,219,273,177,96,13,19,0,3,39,0,65,0,7,33,50,22,.6112456E-01,-99,-99,-99,-99,-99,-99,-99,-99,0,9239,9239,0,0,92551,92551,321.1328,.000000,34.05075,26.90607,40.33445,-99.00000,9.333966,7.375473,11.05645,-99.00000,183.5248,110.1149,50.30769,30.18462,122,29.52541,15.50246,21.79262,12.92360,380.0000,210.2000,266.0168,88.66422,177.4530,1,
99,3,1,1,1,MZ,MZCER048,UGSY1501,N_33_33_33 Split         ,SYFER001,SYF31001,2010,UGSYFREKU3,        -23.667,         29.600,     1250,2010333,2010334,2010340,2011038,2011095,2011095,2011,-99,3907,539,539,0,798,.1905469,283,49.39207,.1378248,1.533131,-99.00000,-99,-99,-99,-99,-99,0,0,342,252,121,131,19,112,46,3,39,0,57,2,10,30,40,8,.6963723E-01,-99,-99,-99,-99,-99,-99,-99,-99,0,9242,9242,0,0,92560,92560,276.8438,.000000,11.48919,15.95214,32.19319,-99.00000,1.584828,2.200450,4.440753,-99.00000,100.1917,68.55219,13.82051,9.456141,126,28.64365,15.02619,21.82619,12.88588,380.0000,340.1000,244.9499,123.9506,121.3758,1,
100,3,1,1,1,MZ,MZCER048,UGSY1501,N_33_33_33 Split         ,SYFER001,SYF31101,2011,UGSYFREKU3,        -23.667,         29.600,     1250,2011333,2011334,2011341,2012035,2012090,2012090,2012,-99,2836,326,326,0,446,.1460841,223,41.05840,.1149733,1.469951,-99.00000,-99,-99,-99,-99,-99,0,0,85,155,92,63,1,17,0,3,39,0,33,0,32,26,25,4,.5979114E-01,-99,-99,-99,-99,-99,-99,-99,-99,0,9244,9244,0,0,92634,92634,261.5000,.000000,33.43820,18.73723,30.91917,-99.00000,3.844339,2.154191,3.554730,-99.00000,72.70665,85.92604,8.358974,9.878788,121,30.14214,14.88264,22.17934,12.93293,380.0000,84.80000,151.3329,59.68339,91.70879,1,
101,3,1,1,1,MZ,MZCER048,UGSY1501,N_33_33_33 Split         ,SYFER001,SYF31201,2012,UGSYFREKU3,        -23.667,         29.600,     1250,2012333,2012334,2012341,2013035,2013098,2013098,2013,-99,8648,2672,2672,0,4094,.2764813,967,161.0895,.3090067,1.702750,-99.00000,-99,-99,-99,-99,-99,0,0,413,383,243,140,22,67,27,3,39,0,71,1,5,39,54,26,.6122193E-01,-99,-99,-99,-99,-99,-99,-99,-99,0,9234,9234,0,0,92524,92524,369.8438,.000000,20.95472,23.03235,35.56226,-99.00000,6.474437,7.116371,10.98777,-99.00000,221.7438,121.8030,68.51282,37.63380,130,28.83462,14.40308,21.29847,12.86166,380.0000,412.7000,375.4723,133.2598,243.1794,1,
102,3,1,1,1,MZ,MZCER048,UGSY1501,N_33_33_33 Split         ,SYFER001,SYF31301,2013,UGSYFREKU3,        -23.667,         29.600,     1250,2013333,2013334,2013342,2014038,2014101,2014101,2014,-99,7221,1935,1935,0,2843,.2645908,731,121.8607,.2679141,1.704560,-99.00000,-99,-99,-99,-99,-99,0,0,428,374,199,175,3,132,5,3,39,0,66,3,5,35,49,20,.7024270E-01,-99,-99,-99,-99,-99,-99,-99,-99,0,9238,9238,0,0,92570,92570,336.6328,.000000,16.88715,19.59177,36.22429,-99.00000,4.525258,5.250018,9.707042,-99.00000,185.1524,109.4082,49.61538,29.31818,132,27.57878,14.67727,20.15909,12.82834,380.0000,427.5999,368.5702,169.8793,199.3398,1,
103,3,1,1,1,MZ,MZCER048,UGSY1501,N_33_33_33 Split         ,SYFER001,SYF31401,2014,UGSYFREKU3,        -23.667,         29.600,     1250,2014333,2014334,2014340,2015035,2015090,2015090,2015,-99,4672,1265,1265,0,2021,.1424362,888,147.9813,.2706876,1.293654,-99.00000,-99,-99,-99,-99,-99,0,0,164,234,112,122,0,15,1,3,39,0,59,0,8,28,46,21,.6037729E-01,-99,-99,-99,-99,-99,-99,-99,-99,0,9243,9243,0,0,92575,92575,278.7500,.000000,28.54047,20.73955,41.68022,-99.00000,7.727549,5.615390,11.28523,-99.00000,119.7968,79.18773,32.43590,21.44068,121,29.86281,14.86529,21.93885,12.93293,380.0000,163.7000,225.2737,113.4033,112.0934,1,
104,3,1,1,1,MZ,MZCER048,UGSY1501,N_33_33_33 Split         ,SYFER001,SYF31501,2015,UGSYFREKU3,        -23.667,         29.600,     1250,2015333,2015334,2015340,2016032,2016085,2016085,2016,-99,5944,1356,1356,0,2230,.1734906,782,130.2502,.2280958,1.579653,-99.00000,-99,-99,-99,-99,-99,0,0,332,318,172,146,1,22,76,3,39,0,64,0,6,31,46,17,.6208049E-01,-99,-99,-99,-99,-99,-99,-99,-99,0,9241,9241,0,0,92564,92564,279.6016,.000000,17.92561,19.04565,34.47126,-99.00000,4.089264,4.344773,7.863724,-99.00000,152.4137,92.87708,34.76923,21.18750,116,30.19914,16.63534,22.59742,12.97898,380.0000,331.6000,312.0992,140.5747,172.4374,1,
105,3,1,1,1,MZ,MZCER048,UGSY1501,N_33_33_33 Split         ,SYFER001,SYF31601,2016,UGSYFREKU3,        -23.667,         29.600,     1250,2016333,2016334,2016340,2017037,-99,2017058,2017,-99,5853,459,459,0,1418,.6480449E-01,708,118.0023,.7839093E-01,1.856351,-99.00000,-99,-99,-99,-99,-99,0,0,263,303,176,128,4,34,8,3,39,0,62,1,4,29,50,5,.5107895E-01,-99,-99,-99,-99,-99,-99,-99,-99,0,9241,9241,0,0,92553,92553,283.0391,.000000,22.29726,19.82009,33.33698,-99.00000,1.748571,1.554310,2.614316,-99.00000,150.0777,94.40373,11.76923,7.403226,90,27.37445,16.23556,19.75556,13.20583,380.0000,262.5000,295.3080,120.4148,175.5717,1,
106,3,1,1,1,MZ,MZCER048,UGSY1501,N_33_33_33 Split         ,SYFER001,SYF31701,2017,UGSYFREKU3,        -23.667,         29.600,     1250,2017333,2017334,2017343,-99,-99,2017362,2017,-99,202,0,0,0,0,.000000,0,.000000,.000000,.3958868,-99.00000,-99,-99,-99,-99,-99,0,0,53,58,7,51,0,10,71,2,26,0,8,0,25,10,7,0,.1496262E-01,-99,-99,-99,-99,-99,-99,-99,-99,0,9258,9258,0,0,92577,92577,98.48438,.000000,3.947721,4.036579,27.97652,-99.00000,.000000,.000000,.000000,-99.00000,7.773973,25.26541,.000000,.000000,28,22.58929,15.56071,21.48572,13.43184,380.0000,51.20000,50.07291,44.06433,7.224747,1,
107,3,1,1,1,MZ,MZCER048,UGSY1501,N_33_33_33 Split         ,SYFER001,SYF31801,2018,UGSYFREKU3,        -23.667,         29.600,     1250,2018333,2018334,2018339,2019032,-99,2019052,2019,-99,6266,525,525,0,1676,.5965083E-01,880,146.6461,.8376390E-01,1.913553,-99.00000,-99,-99,-99,-99,-99,0,0,245,306,202,104,5,12,9,3,39,0,64,0,4,29,50,5,.4616259E-01,-99,-99,-99,-99,-99,-99,-99,-99,0,9241,9241,0,0,92538,92538,278.9375,.000000,25.74309,21.00576,31.02188,-99.00000,2.156943,1.760015,2.599238,-99.00000,160.6633,97.90420,13.46154,8.203125,83,29.28795,16.80362,23.13253,13.24573,380.0000,243.4000,298.2929,98.07108,201.9822,1,
108,3,1,1,1,MZ,MZCER048,UGSY1501,N_33_33_33 Split         ,SYFER001,SYF31901,2019,UGSYFREKU3,        -23.667,         29.600,     1250,2019333,2019334,-99,-99,-99,2019333,2019,-99,0,0,0,0,0,.000000,0,.000000,.000000,.000000,-99.00000,-99,-99,-99,-99,-99,0,0,2,7,0,7,0,0,81,0,0,0,0,0,0,0,0,0,.1803646E-14,-99,-99,-99,-99,-99,-99,-99,-99,0,9267,9267,0,0,92670,92670,278.9375,.000000,-99.00000,-99.00000,-99.00000,-99.00000,-99.00000,-99.00000,-99.00000,-99.00000,-99.00000,-99.00000,-99.00000,-99.00000,-99,-99.00000,-99.00000,-99.00000,-99.00000,-99.00000,-99.00000,-99.00000,-99.00000,-99.00000,-99,
109,4,1,1,1,MZ,MZCER048,UGSY1501,N_25_25_25_25 Split      ,SYFER001,SYF38401,1984,UGSYFREKU3,        -23.667,         29.600,     1250,1984333,1984334,1984341,1985035,1985096,1985096,1985,-99,7389,2266,2266,0,3368,.2694004,841,140.2142,.3067496,1.736717,-99.00000,-99,-99,-99,-99,-99,0,0,382,313,195,118,39,116,1,4,40,0,73,1,5,39,59,29,.6572840E-01,-99,-99,-99,-99,-99,-99,-99,-99,0,9232,9232,0,0,92455,92455,380.9453,.000000,19.95819,23.82671,37.89016,-99.00000,6.121015,7.307459,11.62060,-99.00000,184.7131,101.2126,56.65000,31.04110,128,26.95937,16.10469,17.20937,12.88071,380.0000,370.2001,310.0941,115.4216,194.9985,1,
110,4,1,1,1,MZ,MZCER048,UGSY1501,N_25_25_25_25 Split      ,SYFER001,SYF38501,1985,UGSYFREKU3,        -23.667,         29.600,     1250,1985333,1985334,1985341,1986039,1986101,1986101,1986,-99,6969,1502,1502,0,2434,.1963046,765,127.5115,.2155193,1.902548,-99.00000,-99,-99,-99,-99,-99,0,0,194,254,144,110,0,4,23,4,40,0,68,0,6,34,59,21,.6401514E-01,-99,-99,-99,-99,-99,-99,-99,-99,0,9236,9236,0,0,92482,92482,332.9375,.000000,40.65689,27.98966,48.51270,-99.00000,8.763127,6.032850,10.45636,-99.00000,174.2148,102.4793,37.55000,22.08824,132,27.18181,15.05530,17.16136,12.82834,380.0000,171.4000,248.9702,105.4002,143.6447,1,
111,4,1,1,1,MZ,MZCER048,UGSY1501,N_25_25_25_25 Split      ,SYFER001,SYF38601,1986,UGSYFREKU3,        -23.667,         29.600,     1250,1986333,1986334,1986340,-99,-99,1987012,1987,-99,1616,0,0,0,0,.000000,0,.000000,.000000,1.806464,-99.00000,-99,-99,-99,-99,-99,0,0,220,124,39,84,3,55,126,3,30,0,36,1,10,17,32,0,.2655153E-01,-99,-99,-99,-99,-99,-99,-99,-99,0,9251,9251,0,0,92517,92517,151.7656,.000000,9.106672,13.67188,41.12817,-99.00000,.000000,.000000,.000000,-99.00000,53.85079,44.87566,.000000,.000000,43,26.47442,15.60930,16.38837,13.42399,380.0000,177.4000,118.1640,81.67942,39.28022,1,
112,4,1,1,1,MZ,MZCER048,UGSY1501,N_25_25_25_25 Split      ,SYFER001,SYF38701,1987,UGSYFREKU3,        -23.667,         29.600,     1250,1987333,1987334,1987340,1988038,1988101,1988101,1988,-99,8520,2524,2524,0,3831,.2781177,907,151.2441,.2962296,2.053988,-99.00000,-99,-99,-99,-99,-99,0,0,398,369,213,156,5,109,2,4,40,0,75,1,5,41,61,29,.7138490E-01,-99,-99,-99,-99,-99,-99,-99,-99,0,9230,9230,0,0,92438,92438,394.3281,.000000,21.42809,23.28324,39.97309,-99.00000,6.348088,6.897677,11.84206,-99.00000,212.9953,113.5975,63.10000,33.65333,132,26.65758,15.72121,16.01666,12.82834,380.0000,397.6000,365.9203,153.2541,213.1387,1,
113,4,1,1,1,MZ,MZCER048,UGSY1501,N_25_25_25_25 Split      ,SYFER001,SYF38801,1988,UGSYFREKU3,        -23.667,         29.600,     1250,1988333,1988334,1988343,1989041,1989116,1989116,1989,-99,5836,1494,1494,0,2082,.3044223,491,81.77012,.2559066,1.870287,-99.00000,-99,-99,-99,-99,-99,0,0,301,319,173,146,1,61,6,4,40,0,68,1,5,34,53,21,.6451631E-01,-99,-99,-99,-99,-99,-99,-99,-99,0,9238,9238,0,0,92573,92573,330.9844,.000000,22.30166,18.42257,33.71416,-99.00000,5.708827,4.715850,8.630223,-99.00000,145.9086,85.82861,37.35000,21.97059,148,25.63987,13.41487,17.33649,12.68611,380.0000,261.7000,316.8040,143.9876,173.1126,1,
114,4,1,1,1,MZ,MZCER048,UGSY1501,N_25_25_25_25 Split      ,SYFER001,SYF38901,1989,UGSYFREKU3,        -23.667,         29.600,     1250,1989333,1989334,1989341,1990042,1990105,1990105,1990,-99,8344,2584,2584,0,3660,.2835865,911,151.8815,.3097027,1.800879,-99.00000,-99,-99,-99,-99,-99,0,0,304,360,199,162,1,20,10,4,40,0,73,0,5,38,60,28,.6287003E-01,-99,-99,-99,-99,-99,-99,-99,-99,0,9234,9234,0,0,92475,92475,357.2500,.000000,28.88346,23.79888,41.99772,-99.00000,8.944271,7.369740,13.00533,-99.00000,208.6108,114.3073,64.60000,35.39726,136,26.51323,15.07353,16.70662,12.78945,380.0000,288.9000,350.6229,153.1102,198.6877,1,
115,4,1,1,1,MZ,MZCER048,UGSY1501,N_25_25_25_25 Split      ,SYFER001,SYF39001,1990,UGSYFREKU3,        -23.667,         29.600,     1250,1990333,1990334,1990341,1991036,1991102,1991102,1991,-99,9232,2989,2989,0,4302,.2994903,998,166.3267,.3237270,2.075313,-99.00000,-99,-99,-99,-99,-99,0,0,414,391,229,161,4,61,45,4,40,0,80,2,7,49,67,33,.7077618E-01,-99,-99,-99,-99,-99,-99,-99,-99,0,9222,9222,0,0,92318,92318,456.4062,.000000,22.29522,24.03311,40.24543,-99.00000,7.218063,7.780704,13.02943,-99.00000,230.8113,115.4057,74.72500,37.36250,133,27.05639,14.88872,16.80150,12.81866,380.0000,414.1000,384.1555,156.1163,229.4038,1,
116,4,1,1,1,MZ,MZCER048,UGSY1501,N_25_25_25_25 Split      ,SYFER001,SYF39101,1991,UGSYFREKU3,        -23.667,         29.600,     1250,1991333,1991334,1991341,1992034,1992089,1992089,1992,-99,7349,1597,1597,0,2761,.1599598,998,166.3920,.2173155,2.147224,-99.00000,-99,-99,-99,-99,-99,0,0,176,241,141,100,2,19,1,4,40,0,67,1,6,34,60,22,.5949448E-01,-99,-99,-99,-99,-99,-99,-99,-99,0,9236,9236,0,0,92453,92453,334.0703,.000000,41.68228,31.09712,52.13801,-99.00000,9.058423,6.758048,11.33067,-99.00000,183.7147,109.6804,39.92500,23.83582,120,28.99250,15.97750,17.52334,12.94223,380.0000,176.3000,236.3108,95.60497,140.9449,1,
117,4,1,1,1,MZ,MZCER048,UGSY1501,N_25_25_25_25 Split      ,SYFER001,SYF39201,1992,UGSYFREKU3,        -23.667,         29.600,     1250,1992333,1992334,1992340,1993032,1993082,1993082,1993,-99,5269,1320,1320,0,1871,.1716256,769,128.2072,.2505398,1.647341,-99.00000,-99,-99,-99,-99,-99,0,0,203,243,126,117,0,7,40,4,40,0,63,0,6,30,54,21,.6209542E-01,-99,-99,-99,-99,-99,-99,-99,-99,0,9240,9240,0,0,92503,92503,286.3203,.000000,32.09192,22.09237,41.97193,-99.00000,8.038977,5.534104,10.51390,-99.00000,131.7374,83.64276,33.00000,20.95238,114,28.02632,18.46228,16.91842,13.00980,380.0000,164.2000,238.5210,113.0996,125.5480,1,
118,4,1,1,1,MZ,MZCER048,UGSY1501,N_25_25_25_25 Split      ,SYFER001,SYF39301,1993,UGSYFREKU3,        -23.667,         29.600,     1250,1993333,1993334,1993340,1994039,1994105,1994105,1994,-99,7016,1749,1749,0,2869,.1977784,884,147.3701,.2492580,1.738899,-99.00000,-99,-99,-99,-99,-99,0,0,161,240,139,101,0,8,0,4,40,0,67,0,6,33,57,24,.6543927E-01,-99,-99,-99,-99,-99,-99,-99,-99,0,9237,9237,0,0,92507,92507,322.9844,.000000,43.52367,29.70305,50.53658,-99.00000,10.84988,7.404580,12.59810,-99.00000,175.4004,104.7166,43.72500,26.10448,136,26.75148,14.90662,16.99706,12.78945,380.0000,161.2000,236.2052,97.43930,138.8304,1,
119,4,1,1,1,MZ,MZCER048,UGSY1501,N_25_25_25_25 Split      ,SYFER001,SYF39401,1994,UGSYFREKU3,        -23.667,         29.600,     1250,1994333,1994334,1994340,1995037,1995102,1995102,1995,-99,7577,1850,1850,0,2720,.2410642,767,127.9037,.2441420,1.959920,-99.00000,-99,-99,-99,-99,-99,0,0,321,305,170,135,8,79,15,4,40,0,70,2,5,38,60,23,.6249433E-01,-99,-99,-99,-99,-99,-99,-99,-99,0,9233,9233,0,0,92445,92445,362.1562,.000000,23.64266,25.16816,44.62589,-99.00000,5.772230,6.144672,10.89517,-99.00000,189.4369,108.2496,46.25000,26.42857,133,27.13384,15.18421,16.93684,12.81866,380.0000,320.5000,301.0738,132.2735,169.8000,1,
120,4,1,1,1,MZ,MZCER048,UGSY1501,N_25_25_25_25 Split      ,SYFER001,SYF39501,1995,UGSYFREKU3,        -23.667,         29.600,     1250,1995333,1995334,1995341,1996042,1996121,1996121,1996,-99,9980,3669,3669,0,5066,.3683008,996,166.0361,.3676438,2.084551,-99.00000,-99,-99,-99,-99,-99,0,0,381,352,226,126,13,95,8,4,40,0,81,1,5,47,69,39,.6807195E-01,-99,-99,-99,-99,-99,-99,-99,-99,0,9224,9224,0,0,92371,92371,453.2969,.000000,26.42301,28.75555,44.14977,-99.00000,9.714059,10.57159,16.23106,-99.00000,249.4992,123.2095,91.72500,45.29630,152,25.30789,13.51842,16.47303,12.63141,380.0000,377.7000,347.0624,121.5781,226.0480,1,
121,4,1,1,1,MZ,MZCER048,UGSY1501,N_25_25_25_25 Split      ,SYFER001,SYF39601,1996,UGSYFREKU3,        -23.667,         29.600,     1250,1996333,1996334,1996341,1997034,1997101,1997101,1997,-99,8548,2861,2861,0,4091,.3056435,936,156.0327,.3347422,1.811002,-99.00000,-99,-99,-99,-99,-99,0,0,484,410,215,195,24,123,13,4,40,0,78,3,5,46,64,33,.8956776E-01,-99,-99,-99,-99,-99,-99,-99,-99,0,9225,9225,0,0,92360,92360,436.0938,.000000,18.01125,20.98876,39.72887,-99.00000,6.028234,7.024788,13.29697,-99.00000,213.7034,109.5915,71.52500,36.67949,133,26.90150,15.49399,17.25940,12.83288,380.0000,474.6000,407.2721,193.3380,215.1618,1,
122,4,1,1,1,MZ,MZCER048,UGSY1501,N_25_25_25_25 Split      ,SYFER001,SYF39701,1997,UGSYFREKU3,        -23.667,         29.600,     1250,1997333,1997334,1997340,1998024,1998076,1998076,1998,-99,6266,1707,1707,0,2466,.1934172,882,147.0733,.2723878,1.737773,-99.00000,-99,-99,-99,-99,-99,0,0,264,278,168,109,12,0,62,4,40,0,70,0,5,35,60,26,.6115446E-01,-99,-99,-99,-99,-99,-99,-99,-99,0,9235,9235,0,0,92422,92422,325.7734,.000000,23.77097,22.87729,37.21398,-99.00000,6.475720,6.232263,10.13788,-99.00000,156.6507,89.51469,42.67500,24.38571,107,29.49532,20.22243,18.05140,13.05885,380.0000,263.6000,273.8973,106.9090,168.3784,1,
123,4,1,1,1,MZ,MZCER048,UGSY1501,N_25_25_25_25 Split      ,SYFER001,SYF39801,1998,UGSYFREKU3,        -23.667,         29.600,     1250,1998333,1998334,1998343,1999039,1999106,1999106,1999,-99,7268,1536,1536,0,2281,.2295267,669,111.5198,.2113208,2.206659,-99.00000,-99,-99,-99,-99,-99,0,0,209,273,161,111,0,23,0,4,40,0,70,0,5,35,58,19,.5989631E-01,-99,-99,-99,-99,-99,-99,-99,-99,0,9236,9236,0,0,92505,92505,338.6953,.000000,34.79012,27.23595,45.04193,-99.00000,7.352800,5.756247,9.519495,-99.00000,181.6914,103.8237,38.40000,21.94286,137,26.66715,14.70438,17.74818,12.77967,380.0000,208.9000,266.8405,105.7115,161.3531,1,
124,4,1,1,1,MZ,MZCER048,UGSY1501,N_25_25_25_25 Split      ,SYFER001,SYF39901,1999,UGSYFREKU3,        -23.667,         29.600,     1250,1999333,1999334,1999341,2000040,2000099,2000099,2000,-99,7001,1673,1673,0,2620,.2429848,689,114.7737,.2390062,1.777082,-99.00000,-99,-99,-99,-99,-99,0,0,659,431,219,212,28,195,91,4,40,0,83,3,7,53,61,23,.6356480E-01,-99,-99,-99,-99,-99,-99,-99,-99,0,9220,9220,0,0,92306,92306,480.5703,.000000,10.66584,16.56220,31.90325,-99.00000,2.548751,3.957768,7.623726,-99.00000,175.0264,84.35007,41.82500,20.15663,130,25.31692,17.66615,17.71077,12.84764,380.0000,656.3999,422.7130,204.9931,219.4465,1,
125,4,1,1,1,MZ,MZCER048,UGSY1501,N_25_25_25_25 Split      ,SYFER001,SYF30001,2000,UGSYFREKU3,        -23.667,         29.600,     1250,2000333,2000334,2000341,2001036,2001097,2001097,2001,-99,3131,675,675,0,825,.2719180,248,44.12199,.2156630,1.136465,-99.00000,-99,-99,-99,-99,-99,0,0,213,236,120,116,0,47,17,4,40,0,48,0,25,34,36,11,.6788766E-01,-99,-99,-99,-99,-99,-99,-99,-99,0,9234,9234,0,0,92381,92381,335.3750,.000000,14.67420,13.56498,26.16802,-99.00000,3.163074,2.923979,5.640606,-99.00000,78.28685,65.23904,16.87500,14.06250,129,27.76048,15.13333,16.08837,12.87120,380.0000,213.4000,230.8498,112.0635,119.6680,1,
126,4,1,1,1,MZ,MZCER048,UGSY1501,N_25_25_25_25 Split      ,SYFER001,SYF30101,2001,UGSYFREKU3,        -23.667,         29.600,     1250,2001333,2001334,2001341,2002036,2002097,2002097,2002,-99,8395,2357,2357,0,3747,.2334308,1010,168.3191,.2808170,2.004947,-99.00000,-99,-99,-99,-99,-99,0,0,261,313,203,110,4,30,0,4,40,0,71,1,5,38,59,26,.6566448E-01,-99,-99,-99,-99,-99,-99,-99,-99,0,9233,9233,0,0,92486,92486,371.2969,.000000,32.17698,27.00286,41.37757,-99.00000,9.034112,7.581412,11.61730,-99.00000,209.8743,118.2391,58.92500,33.19718,128,27.89453,15.16640,17.66250,12.86682,380.0000,260.9000,310.8920,108.1173,202.8870,1,
127,4,1,1,1,MZ,MZCER048,UGSY1501,N_25_25_25_25 Split      ,SYFER001,SYF30201,2002,UGSYFREKU3,        -23.667,         29.600,     1250,2002333,2002334,2002341,2003033,2003088,2003088,2003,-99,6003,1113,1113,0,1728,.2057076,541,90.16527,.1853911,2.024062,-99.00000,-99,-99,-99,-99,-99,0,0,219,270,171,99,6,17,13,4,40,0,69,0,5,35,58,16,.6391474E-01,-99,-99,-99,-99,-99,-99,-99,-99,0,9235,9235,0,0,92460,92460,344.2578,.000000,27.38492,22.80583,35.20282,-99.00000,5.077555,4.228527,6.527105,-99.00000,150.0694,86.99673,27.82500,16.13043,119,29.11345,16.34286,17.58572,12.95148,380.0000,219.2000,263.2122,94.34468,170.5197,1,
128,4,1,1,1,MZ,MZCER048,UGSY1501,N_25_25_25_25 Split      ,SYFER001,SYF30301,2003,UGSYFREKU3,        -23.667,         29.600,     1250,2003333,2003334,2003340,2004033,2004096,2004096,2004,-99,8952,2962,2962,0,4406,.2861885,1035,172.4736,.3308484,1.972473,-99.00000,-99,-99,-99,-99,-99,0,0,457,368,218,151,12,98,65,4,40,0,82,2,6,51,69,36,.6774285E-01,-99,-99,-99,-99,-99,-99,-99,-99,0,9220,9220,0,0,92280,92280,460.7656,.000000,19.60474,24.67631,41.14005,-99.00000,6.487078,8.165227,13.61297,-99.00000,223.7881,109.1649,74.05000,36.12195,127,27.13228,16.66299,15.82520,12.87637,380.0000,456.6000,362.7578,146.4975,217.5867,1,
129,4,1,1,1,MZ,MZCER048,UGSY1501,N_25_25_25_25 Split      ,SYFER001,SYF30401,2004,UGSYFREKU3,        -23.667,         29.600,     1250,2004333,2004334,2004340,2005032,2005089,2005089,2005,-99,5286,1027,1027,0,1453,.2024691,507,84.51976,.1942269,1.809981,-99.00000,-99,-99,-99,-99,-99,0,0,231,249,136,113,2,64,3,4,40,0,66,2,6,33,54,17,.6204879E-01,-99,-99,-99,-99,-99,-99,-99,-99,0,9237,9237,0,0,92490,92490,326.7812,.000000,23.05445,21.58868,38.82130,-99.00000,4.478848,4.194089,7.541914,-99.00000,132.1597,80.09677,25.67500,15.56061,121,28.65207,16.66033,16.53471,12.94627,380.0000,229.3000,244.8684,108.8055,136.1723,1,
130,4,1,1,1,MZ,MZCER048,UGSY1501,N_25_25_25_25 Split      ,SYFER001,SYF30501,2005,UGSYFREKU3,        -23.667,         29.600,     1250,2005333,2005334,2005341,2006035,2006100,2006100,2006,-99,8524,3244,3244,0,4482,.3011639,1077,179.5118,.3805644,1.865952,-99.00000,-99,-99,-99,-99,-99,0,0,369,357,203,153,6,40,52,4,40,0,80,1,6,48,69,41,.6928271E-01,-99,-99,-99,-99,-99,-99,-99,-99,0,9223,9223,0,0,92298,92298,449.9219,.000000,23.11150,24.26723,41.93526,-99.00000,8.796096,9.235959,15.96030,-99.00000,213.0880,106.5440,81.10000,40.55000,131,26.47099,15.94733,15.60687,12.83801,380.0000,368.8000,351.2358,148.9325,203.2543,1,
131,4,1,1,1,MZ,MZCER048,UGSY1501,N_25_25_25_25 Split      ,SYFER001,SYF30601,2006,UGSYFREKU3,        -23.667,         29.600,     1250,2006333,2006334,2006341,2007036,2007090,2007090,2007,-99,5029,1141,1141,0,1789,.1377426,828,138.0276,.2268509,1.848406,-99.00000,-99,-99,-99,-99,-99,0,0,171,203,107,96,0,40,14,4,40,0,61,1,8,31,52,19,.6502173E-01,-99,-99,-99,-99,-99,-99,-99,-99,0,9239,9239,0,0,92503,92503,303.4766,.000000,29.47583,25.62959,46.88958,-99.00000,6.688159,5.815434,10.63939,-99.00000,125.7144,82.43569,28.52500,18.70492,121,29.56943,15.41405,17.39587,12.93293,380.0000,170.6000,196.2020,89.35276,107.2430,1,
132,4,1,1,1,MZ,MZCER048,UGSY1501,N_25_25_25_25 Split      ,SYFER001,SYF30701,2007,UGSYFREKU3,        -23.667,         29.600,     1250,2007333,2007334,2007341,2008040,2008109,2008109,2008,-99,8599,2994,2994,0,4178,.3190553,938,156.4143,.3481942,2.126790,-99.00000,-99,-99,-99,-99,-99,0,0,378,370,201,169,24,31,40,4,40,0,79,0,6,45,65,35,.6341580E-01,-99,-99,-99,-99,-99,-99,-99,-99,0,9226,9226,0,0,92355,92355,428.1094,.000000,22.75597,23.49414,42.78815,-99.00000,7.922732,8.179735,14.89715,-99.00000,214.9870,108.8542,74.85000,37.89874,140,26.37572,14.09214,16.09857,12.75023,380.0000,377.9000,366.0265,166.2517,200.9780,1,
133,4,1,1,1,MZ,MZCER048,UGSY1501,N_25_25_25_25 Split      ,SYFER001,SYF30801,2008,UGSYFREKU3,        -23.667,         29.600,     1250,2008333,2008334,2008340,2009030,2009091,2009091,2009,-99,9042,3144,3144,0,4614,.2862169,1099,183.1053,.3477714,1.789193,-99.00000,-99,-99,-99,-99,-99,0,0,318,383,242,141,3,6,12,4,40,0,76,0,5,41,59,32,.6591720E-01,-99,-99,-99,-99,-99,-99,-99,-99,0,9231,9231,0,0,92450,92450,387.3906,.000000,28.43325,24.14924,37.34668,-99.00000,9.886793,8.397162,12.98617,-99.00000,226.0443,118.9707,78.60000,41.36842,123,28.02032,16.70162,21.32602,12.92773,380.0000,318.0000,374.4122,133.5228,242.1037,1,
134,4,1,1,1,MZ,MZCER048,UGSY1501,N_25_25_25_25 Split      ,SYFER001,SYF30901,2009,UGSYFREKU3,        -23.667,         29.600,     1250,2009333,2009334,2009340,2010034,2010091,2010091,2010,-99,7240,1954,1954,0,3288,.1839252,1063,177.0914,.2699286,1.618366,-99.00000,-99,-99,-99,-99,-99,0,0,219,272,177,95,13,20,0,4,40,0,66,0,7,33,51,22,.5904787E-01,-99,-99,-99,-99,-99,-99,-99,-99,0,9239,9239,0,0,92553,92553,320.6562,.000000,34.44359,27.34125,41.01066,-99.00000,9.295907,7.379072,11.06828,-99.00000,181.0011,109.6976,48.85000,29.60606,122,29.52541,15.50246,21.79262,12.92360,380.0000,210.2000,264.8029,88.36152,176.5405,1,
135,4,1,1,1,MZ,MZCER048,UGSY1501,N_25_25_25_25 Split      ,SYFER001,SYF31001,2010,UGSYFREKU3,        -23.667,         29.600,     1250,2010333,2010334,2010340,2011038,2011095,2011095,2011,-99,4100,572,572,0,830,.1896786,302,52.42314,.1395417,1.649861,-99.00000,-99,-99,-99,-99,-99,0,0,342,252,123,129,19,112,46,4,40,0,60,2,8,30,42,9,.6248132E-01,-99,-99,-99,-99,-99,-99,-99,-99,0,9242,9242,0,0,92577,92577,274.5547,.000000,12.05619,16.74106,33.28660,-99.00000,1.681858,2.335405,4.643535,-99.00000,102.5078,68.33850,14.30000,9.533334,126,28.64365,15.02619,21.82619,12.88588,380.0000,340.1000,244.9254,122.1357,123.1820,1,
136,4,1,1,1,MZ,MZCER048,UGSY1501,N_25_25_25_25 Split      ,SYFER001,SYF31101,2011,UGSYFREKU3,        -23.667,         29.600,     1250,2011333,2011334,2011341,2012035,2012090,2012090,2012,-99,2878,334,334,0,445,.1446947,230,42.34225,.1158708,1.529773,-99.00000,-99,-99,-99,-99,-99,0,0,85,155,92,63,1,17,0,4,40,0,34,0,32,26,26,4,.6171306E-01,-99,-99,-99,-99,-99,-99,-99,-99,0,9244,9244,0,0,92640,92640,260.3906,.000000,33.94120,18.98031,31.29813,-99.00000,3.938679,2.202555,3.631966,-99.00000,71.95535,84.65336,8.350000,9.823529,121,30.14214,14.88264,22.17934,12.93293,380.0000,84.80000,151.6421,59.73945,91.96120,1,
137,4,1,1,1,MZ,MZCER048,UGSY1501,N_25_25_25_25 Split      ,SYFER001,SYF31201,2012,UGSYFREKU3,        -23.667,         29.600,     1250,2012333,2012334,2012341,2013035,2013098,2013098,2013,-99,8754,2702,2702,0,4154,.2752127,982,163.6201,.3086486,1.625280,-99.00000,-99,-99,-99,-99,-99,0,0,413,383,242,141,22,67,27,4,40,0,72,1,5,39,55,26,.6309911E-01,-99,-99,-99,-99,-99,-99,-99,-99,0,9234,9234,0,0,92519,92519,370.4531,.000000,21.21083,23.33223,36.13379,-99.00000,6.547130,7.201939,11.15339,-99.00000,218.8427,121.5793,67.55000,37.52778,130,28.83462,14.40308,21.29847,12.86166,380.0000,412.7000,375.1768,133.8965,242.2583,1,
138,4,1,1,1,MZ,MZCER048,UGSY1501,N_25_25_25_25 Split      ,SYFER001,SYF31301,2013,UGSYFREKU3,        -23.667,         29.600,     1250,2013333,2013334,2013342,2014038,2014101,2014101,2014,-99,7299,1897,1897,0,2782,.2643221,718,119.5984,.2598691,1.817527,-99.00000,-99,-99,-99,-99,-99,0,0,428,375,201,174,3,132,4,4,40,0,67,3,5,35,50,19,.6634276E-01,-99,-99,-99,-99,-99,-99,-99,-99,0,9238,9238,0,0,92579,92579,334.8984,.000000,17.06938,19.73702,36.25065,-99.00000,4.436390,5.129720,9.421667,-99.00000,182.4716,108.9383,47.42500,28.31343,132,27.57878,14.67727,20.15909,12.82834,380.0000,427.5999,369.8058,169.1402,201.3444,1,
139,4,1,1,1,MZ,MZCER048,UGSY1501,N_25_25_25_25 Split      ,SYFER001,SYF31401,2014,UGSYFREKU3,        -23.667,         29.600,     1250,2014333,2014334,2014340,2015035,2015090,2015090,2015,-99,4710,1282,1282,0,2051,.1420958,903,150.4232,.2722799,1.302741,-99.00000,-99,-99,-99,-99,-99,0,0,164,234,113,122,0,15,1,4,40,0,60,0,8,28,47,21,.6002024E-01,-99,-99,-99,-99,-99,-99,-99,-99,0,9243,9243,0,0,92575,92575,278.6406,.000000,28.77286,20.90814,41.85920,-99.00000,7.831398,5.690777,11.39324,-99.00000,117.7530,78.50197,32.05000,21.36667,121,29.86281,14.86529,21.93885,12.93293,380.0000,163.7000,225.2768,112.9768,112.5229,1,
140,4,1,1,1,MZ,MZCER048,UGSY1501,N_25_25_25_25 Split      ,SYFER001,SYF31501,2015,UGSYFREKU3,        -23.667,         29.600,     1250,2015333,2015334,2015340,2016032,2016085,2016085,2016,-99,6106,1428,1428,0,2354,.1744327,819,136.4597,.2339126,1.534495,-99.00000,-99,-99,-99,-99,-99,0,0,332,318,172,146,1,22,76,4,40,0,65,0,6,32,48,18,.6219971E-01,-99,-99,-99,-99,-99,-99,-99,-99,0,9241,9241,0,0,92549,92549,281.3203,.000000,18.41262,19.55462,35.45676,-99.00000,4.306393,4.573487,8.292722,-99.00000,152.6406,93.93269,35.70000,21.96923,116,30.19914,16.63534,22.59742,12.97898,380.0000,331.6000,312.2344,140.9846,172.1992,1,
141,4,1,1,1,MZ,MZCER048,UGSY1501,N_25_25_25_25 Split      ,SYFER001,SYF31601,2016,UGSYFREKU3,        -23.667,         29.600,     1250,2016333,2016334,2016340,2017037,-99,2017058,2017,-99,5906,455,455,0,1413,.6486107E-01,702,116.9396,.7706120E-01,1.813450,-99.00000,-99,-99,-99,-99,-99,0,0,263,303,173,130,4,34,8,4,40,0,63,1,4,29,50,5,.5297340E-01,-99,-99,-99,-99,-99,-99,-99,-99,0,9241,9241,0,0,92551,92551,283.0000,.000000,22.49738,19.99349,34.10272,-99.00000,1.733333,1.540418,2.627478,-99.00000,147.6391,93.73911,11.37500,7.222222,90,27.37445,16.23556,19.75556,13.20583,380.0000,262.5000,295.3744,122.8562,173.1699,1,
142,4,1,1,1,MZ,MZCER048,UGSY1501,N_25_25_25_25 Split      ,SYFER001,SYF31701,2017,UGSYFREKU3,        -23.667,         29.600,     1250,2017333,2017334,2017343,-99,-99,2017362,2017,-99,201,0,0,0,0,.000000,0,.000000,.000000,.3939247,-99.00000,-99,-99,-99,-99,-99,0,0,53,58,7,51,0,10,71,2,20,0,8,0,22,10,7,0,.1507587E-01,-99,-99,-99,-99,-99,-99,-99,-99,0,9258,9258,0,0,92577,92577,98.48438,.000000,3.924688,4.013457,27.81930,-99.00000,.000000,.000000,.000000,-99.00000,10.04720,25.11801,.000000,.000000,28,22.58929,15.56071,21.48572,13.43184,380.0000,51.20000,50.06757,44.06054,7.223187,1,
143,4,1,1,1,MZ,MZCER048,UGSY1501,N_25_25_25_25 Split      ,SYFER001,SYF31801,2018,UGSYFREKU3,        -23.667,         29.600,     1250,2018333,2018334,2018339,2019032,-99,2019052,2019,-99,6408,573,573,0,1873,.6002135E-01,955,159.1542,.8944402E-01,1.754536,-99.00000,-99,-99,-99,-99,-99,0,0,245,304,199,105,5,11,11,4,40,0,65,0,4,30,51,6,.4856358E-01,-99,-99,-99,-99,-99,-99,-99,-99,0,9240,9240,0,0,92524,92524,283.0156,.000000,26.32711,21.60469,32.14446,-99.00000,2.354149,1.931874,2.874332,-99.00000,160.2005,98.58492,14.32500,8.815385,83,29.28795,16.80362,23.13253,13.24573,380.0000,243.4000,296.6032,99.09881,199.3507,1,
144,4,1,1,1,MZ,MZCER048,UGSY1501,N_25_25_25_25 Split      ,SYFER001,SYF31901,2019,UGSYFREKU3,        -23.667,         29.600,     1250,2019333,2019334,-99,-99,-99,2019333,2019,-99,0,0,0,0,0,.000000,0,.000000,.000000,.000000,-99.00000,-99,-99,-99,-99,-99,0,0,2,7,0,7,0,0,81,0,0,0,0,0,0,0,0,0,.1803646E-14,-99,-99,-99,-99,-99,-99,-99,-99,0,9267,9267,0,0,92670,92670,283.0156,.000000,-99.00000,-99.00000,-99.00000,-99.00000,-99.00000,-99.00000,-99.00000,-99.00000,-99.00000,-99.00000,-99.00000,-99.00000,-99,-99.00000,-99.00000,-99.00000,-99.00000,-99.00000,-99.00000,-99.00000,-99.00000,-99.00000,-99,
